Date,Winner,Loser,WRank,LRank,WPts,LPts,B365W,B365L,PSW,PSL
01/01/2021,Player17,Player29,49,54,1531,1316,1.78,2.05,1.83,2.11
01/01/2021,Player56,Player46,14,7,3706,4796,1.93,1.88,1.98,1.94
01/01/2021,Player6,Player3,9,28,4577,3305,1.78,2.05,1.83,2.11
02/01/2021,Player14,Player47,11,6,4174,4446,1.81,2.01,1.87,2.07
02/01/2021,Player57,Player3,48,28,1587,3305,2.51,1.53,2.59,1.58
02/01/2021,Player23,Player2,8,44,3953,1873,1.37,3.14,1.41,3.23
03/01/2021,Player45,Player26,25,30,3083,3202,1.87,1.94,1.93,2.0
03/01/2021,Player48,Player58,12,38,4191,2420,1.56,2.44,1.61,2.51
03/01/2021,Player22,Player35,42,57,1754,1093,1.55,2.47,1.6,2.54
04/01/2021,Player11,Player36,45,58,2050,885,1.52,2.55,1.56,2.63
04/01/2021,Player32,Player35,46,57,1603,1093,1.81,2.01,1.86,2.07
04/01/2021,Player28,Player12,18,26,3592,3655,1.73,2.12,1.78,2.18
05/01/2021,Player15,Player32,34,46,2466,1603,1.79,2.04,1.84,2.1
05/01/2021,Player14,Player37,11,52,4174,1222,1.46,2.74,1.5,2.82
05/01/2021,Player59,Player37,43,52,2172,1222,1.8,2.03,1.85,2.09
06/01/2021,Player31,Player37,55,52,899,1222,1.88,1.93,1.93,1.99
06/01/2021,Player52,Player40,3,17,4703,3658,1.8,2.02,1.85,2.08
06/01/2021,Player57,Player1,48,60,1587,994,1.64,2.28,1.68,2.35
07/01/2021,Player46,Player41,7,51,4796,1403,1.3,3.6,1.33,3.7
07/01/2021,Player17,Player26,49,30,1531,3202,2.29,1.63,2.36,1.68
07/01/2021,Player10,Player38,31,5,2848,4828,2.36,1.6,2.43,1.65
08/01/2021,Player33,Player54,24,47,3673,1574,1.66,2.24,1.7,2.31
08/01/2021,Player16,Player43,35,1,2680,4968,3.14,1.37,3.23,1.41
08/01/2021,Player57,Player25,48,16,1587,3895,2.44,1.56,2.51,1.61
09/01/2021,Player0,Player32,33,46,2577,1603,1.64,2.28,1.68,2.35
09/01/2021,Player14,Player13,11,39,4174,2325,1.51,2.58,1.55,2.66
09/01/2021,Player4,Player43,19,1,3295,4968,2.03,1.8,2.09,1.85
10/01/2021,Player53,Player10,2,31,4719,2848,1.63,2.29,1.68,2.36
10/01/2021,Player14,Player55,11,36,4174,2316,1.46,2.72,1.51,2.8
10/01/2021,Player55,Player47,36,6,2316,4446,3.15,1.37,3.24,1.41
11/01/2021,Player36,Player3,58,28,885,3305,2.42,1.57,2.49,1.62
11/01/2021,Player49,Player15,10,34,4133,2466,1.49,2.64,1.53,2.72
11/01/2021,Player8,Player0,59,33,901,2577,2.77,1.45,2.86,1.49
12/01/2021,Player35,Player16,57,35,1093,2680,2.07,1.77,2.13,1.82
12/01/2021,Player58,Player20,38,41,2420,2260,2.08,1.76,2.14,1.81
12/01/2021,Player13,Player24,39,40,2325,2440,2.11,1.74,2.17,1.79
13/01/2021,Player43,Player3,1,28,4968,3305,1.54,2.49,1.59,2.56
13/01/2021,Player37,Player57,52,48,1222,1587,1.91,1.9,1.97,1.95
13/01/2021,Player29,Player55,54,36,1316,2316,2.21,1.67,2.28,1.72
14/01/2021,Player14,Player21,11,53,4174,1077,1.44,2.8,1.49,2.88
14/01/2021,Player38,Player39,5,37,4828,2389,1.45,2.78,1.49,2.86
14/01/2021,Player55,Player9,36,29,2316,3213,2.23,1.66,2.29,1.71
15/01/2021,Player21,Player10,53,31,1077,2848,2.3,1.63,2.36,1.67
15/01/2021,Player59,Player16,43,35,2172,2680,2.14,1.72,2.2,1.77
15/01/2021,Player13,Player43,39,1,2325,4968,2.54,1.52,2.62,1.57
16/01/2021,Player35,Player10,57,31,1093,2848,2.57,1.51,2.64,1.56
16/01/2021,Player17,Player37,49,52,1531,1222,2.0,1.82,2.06,1.87
16/01/2021,Player20,Player1,41,60,2260,994,1.72,2.14,1.77,2.2
17/01/2021,Player19,Player34,50,32,1479,2831,2.44,1.56,2.51,1.61
17/01/2021,Player31,Player11,55,45,899,2050,2.01,1.81,2.07,1.87
17/01/2021,Player15,Player25,34,16,2466,3895,2.44,1.56,2.51,1.61
18/01/2021,Player6,Player45,9,25,4577,3083,1.58,2.39,1.63,2.46
18/01/2021,Player25,Player9,16,29,3895,3213,1.76,2.08,1.81,2.14
18/01/2021,Player18,Player58,23,38,3354,2420,1.74,2.1,1.8,2.16
19/01/2021,Player57,Player42,48,13,1587,3909,2.32,1.62,2.39,1.66
19/01/2021,Player48,Player26,12,30,4191,3202,1.59,2.36,1.64,2.43
19/01/2021,Player43,Player40,1,17,4968,3658,1.71,2.15,1.76,2.21
20/01/2021,Player55,Player50,36,15,2316,3906,2.31,1.62,2.38,1.67
20/01/2021,Player28,Player2,18,44,3592,1873,1.43,2.86,1.47,2.95
20/01/2021,Player50,Player33,15,24,3906,3673,1.62,2.32,1.66,2.38
21/01/2021,Player37,Player47,52,6,1222,4446,3.2,1.36,3.3,1.39
21/01/2021,Player13,Player55,39,36,2325,2316,2.13,1.72,2.2,1.77
21/01/2021,Player25,Player48,16,12,3895,4191,1.74,2.1,1.79,2.16
22/01/2021,Player33,Player51,24,27,3673,3119,1.96,1.85,2.02,1.91
22/01/2021,Player45,Player1,25,60,3083,994,1.35,3.22,1.39,3.31
22/01/2021,Player46,Player22,7,42,4796,1754,1.45,2.76,1.5,2.84
23/01/2021,Player52,Player11,3,45,4703,2050,1.32,3.42,1.36,3.52
23/01/2021,Player23,Player24,8,40,3953,2440,1.45,2.79,1.49,2.88
23/01/2021,Player46,Player0,7,33,4796,2577,1.39,3.02,1.43,3.11
24/01/2021,Player28,Player8,18,59,3592,901,1.31,3.51,1.35,3.61
24/01/2021,Player35,Player17,57,49,1093,1531,2.01,1.81,2.07,1.86
24/01/2021,Player22,Player42,42,13,1754,3909,2.59,1.5,2.67,1.55
25/01/2021,Player52,Player26,3,30,4703,3202,1.41,2.93,1.45,3.02
25/01/2021,Player48,Player27,12,4,4191,4718,2.03,1.79,2.09,1.85
25/01/2021,Player46,Player36,7,58,4796,885,1.33,3.37,1.37,3.47
26/01/2021,Player15,Player55,34,36,2466,2316,1.75,2.09,1.8,2.16
26/01/2021,Player9,Player12,29,26,3213,3655,2.24,1.66,2.31,1.71
26/01/2021,Player27,Player50,4,15,4718,3906,1.68,2.2,1.73,2.27
27/01/2021,Player7,Player30,20,56,3316,1065,1.41,2.94,1.45,3.03
27/01/2021,Player49,Player11,10,45,4133,2050,1.49,2.64,1.53,2.71
27/01/2021,Player0,Player29,33,54,2577,1316,1.52,2.54,1.57,2.61
28/01/2021,Player32,Player10,46,31,1603,2848,1.99,1.83,2.05,1.88
28/01/2021,Player56,Player35,14,57,3706,1093,1.38,3.09,1.42,3.19
28/01/2021,Player22,Player19,42,50,1754,1479,1.71,2.15,1.76,2.21
29/01/2021,Player47,Player58,6,38,4446,2420,1.52,2.55,1.57,2.62
29/01/2021,Player38,Player32,5,46,4828,1603,1.3,3.56,1.34,3.66
29/01/2021,Player33,Player58,24,38,3673,2420,1.53,2.53,1.57,2.6
30/01/2021,Player57,Player1,48,60,1587,994,1.71,2.15,1.76,2.22
30/01/2021,Player2,Player30,44,56,1873,1065,1.7,2.17,1.75,2.23
30/01/2021,Player16,Player30,35,56,2680,1065,1.53,2.52,1.58,2.59
31/01/2021,Player28,Player24,18,40,3592,2440,1.59,2.38,1.63,2.45
31/01/2021,Player21,Player5,53,21,1077,3756,3.16,1.36,3.25,1.4
31/01/2021,Player58,Player11,38,45,2420,2050,1.85,1.96,1.91,2.02
01/02/2021,Player28,Player34,18,32,3592,2831,1.67,2.21,1.72,2.28
01/02/2021,Player45,Player49,25,10,3083,4133,1.84,1.97,1.9,2.03
01/02/2021,Player59,Player26,43,30,2172,3202,2.25,1.65,2.32,1.7
02/02/2021,Player43,Player2,1,44,4968,1873,1.28,3.7,1.32,3.81
02/02/2021,Player27,Player4,4,19,4718,3295,1.72,2.14,1.77,2.2
02/02/2021,Player50,Player42,15,13,3906,3909,2.06,1.77,2.12,1.82
03/02/2021,Player42,Player18,13,23,3909,3354,1.83,1.98,1.89,2.04
03/02/2021,Player55,Player43,36,1,2316,4968,2.92,1.41,3.01,1.45
03/02/2021,Player37,Player36,52,58,1222,885,1.9,1.91,1.96,1.97
04/02/2021,Player49,Player15,10,34,4133,2466,1.61,2.33,1.66,2.39
04/02/2021,Player4,Player2,19,44,3295,1873,1.49,2.65,1.53,2.73
04/02/2021,Player38,Player16,5,35,4828,2680,1.45,2.78,1.49,2.86
05/02/2021,Player23,Player10,8,31,3953,2848,1.59,2.38,1.63,2.45
05/02/2021,Player49,Player54,10,47,4133,1574,1.4,2.97,1.44,3.06
05/02/2021,Player36,Player31,58,55,885,899,2.02,1.8,2.08,1.86
06/02/2021,Player23,Player55,8,36,3953,2316,1.55,2.46,1.6,2.53
06/02/2021,Player44,Player0,22,33,3686,2577,1.66,2.23,1.71,2.29
06/02/2021,Player45,Player43,25,1,3083,4968,2.44,1.56,2.51,1.61
07/02/2021,Player27,Player32,4,46,4718,1603,1.4,3.0,1.44,3.09
07/02/2021,Player5,Player38,21,5,3756,4828,2.48,1.54,2.56,1.59
07/02/2021,Player47,Player5,6,21,4446,3756,1.68,2.2,1.73,2.27
08/02/2021,Player50,Player25,15,16,3906,3895,2.02,1.8,2.08,1.85
08/02/2021,Player27,Player9,4,29,4718,3213,1.57,2.42,1.62,2.49
08/02/2021,Player24,Player8,40,59,2440,901,1.55,2.48,1.59,2.55
09/02/2021,Player14,Player34,11,32,4174,2831,1.61,2.32,1.66,2.39
09/02/2021,Player47,Player25,6,16,4446,3895,1.65,2.25,1.7,2.31
09/02/2021,Player0,Player1,33,60,2577,994,1.39,3.03,1.43,3.12
10/02/2021,Player27,Player9,4,29,4718,3213,1.58,2.39,1.63,2.46
10/02/2021,Player32,Player40,46,17,1603,3658,3.01,1.39,3.1,1.43
10/02/2021,Player52,Player26,3,30,4703,3202,1.58,2.4,1.63,2.47
11/02/2021,Player40,Player47,17,6,3658,4446,2.16,1.7,2.22,1.75
11/02/2021,Player47,Player16,6,35,4446,2680,1.46,2.73,1.51,2.81
11/02/2021,Player14,Player0,11,33,4174,2577,1.54,2.5,1.59,2.57
12/02/2021,Player55,Player34,36,32,2316,2831,2.0,1.81,2.06,1.87
12/02/2021,Player12,Player13,26,39,3655,2325,1.74,2.11,1.79,2.17
12/02/2021,Player0,Player55,33,36,2577,2316,1.97,1.85,2.02,1.9
13/02/2021,Player48,Player12,12,26,4191,3655,1.52,2.55,1.57,2.62
13/02/2021,Player15,Player20,34,41,2466,2260,1.77,2.07,1.82,2.13
13/02/2021,Player3,Player5,28,21,3305,3756,2.15,1.71,2.21,1.76
14/02/2021,Player57,Player48,48,12,1587,4191,3.49,1.31,3.6,1.35
14/02/2021,Player56,Player51,14,27,3706,3119,1.71,2.14,1.76,2.21
14/02/2021,Player44,Player4,22,19,3686,3295,1.9,1.91,1.96,1.97
15/02/2021,Player6,Player59,9,43,4577,2172,1.35,3.22,1.39,3.31
15/02/2021,Player41,Player34,51,32,1403,2831,2.32,1.62,2.39,1.66
15/02/2021,Player6,Player40,9,17,4577,3658,1.79,2.04,1.84,2.1
16/02/2021,Player57,Player34,48,32,1587,2831,2.28,1.64,2.35,1.68
16/02/2021,Player12,Player16,26,35,3655,2680,1.88,1.93,1.94,1.99
16/02/2021,Player41,Player45,51,25,1403,3083,2.65,1.49,2.73,1.53
17/02/2021,Player1,Player11,60,45,994,2050,2.28,1.63,2.35,1.68
17/02/2021,Player26,Player49,30,10,3202,4133,2.53,1.53,2.61,1.57
17/02/2021,Player37,Player56,52,14,1222,3706,2.86,1.43,2.94,1.47
18/02/2021,Player27,Player55,4,36,4718,2316,1.3,3.57,1.34,3.68
18/02/2021,Player49,Player2,10,44,4133,1873,1.48,2.67,1.52,2.75
18/02/2021,Player46,Player48,7,12,4796,4191,1.79,2.03,1.84,2.09
19/02/2021,Player25,Player36,16,58,3895,885,1.34,3.29,1.38,3.39
19/02/2021,Player33,Player50,24,15,3673,3906,2.06,1.77,2.12,1.83
19/02/2021,Player27,Player54,4,47,4718,1574,1.26,3.94,1.29,4.05
20/02/2021,Player33,Player18,24,23,3673,3354,1.64,2.27,1.69,2.34
20/02/2021,Player30,Player41,56,51,1065,1403,2.03,1.8,2.09,1.85
20/02/2021,Player3,Player28,28,18,3305,3592,1.9,1.91,1.96,1.96
21/02/2021,Player32,Player37,46,52,1603,1222,1.84,1.97,1.9,2.03
21/02/2021,Player10,Player15,31,34,2848,2466,1.9,1.91,1.95,1.97
21/02/2021,Player40,Player41,17,51,3658,1403,1.39,3.03,1.43,3.12
22/02/2021,Player39,Player51,37,27,2389,3119,2.21,1.67,2.28,1.72
22/02/2021,Player31,Player17,55,49,899,1531,2.01,1.81,2.07,1.86
22/02/2021,Player47,Player18,6,23,4446,3354,1.58,2.4,1.63,2.47
23/02/2021,Player54,Player13,47,39,1574,2325,2.16,1.7,2.23,1.75
23/02/2021,Player34,Player8,32,59,2831,901,1.51,2.58,1.55,2.66
23/02/2021,Player12,Player40,26,17,3655,3658,1.98,1.84,2.04,1.89
24/02/2021,Player3,Player51,28,27,3305,3119,1.73,2.12,1.78,2.18
24/02/2021,Player7,Player6,20,9,3316,4577,2.38,1.59,2.45,1.64
24/02/2021,Player23,Player43,8,1,3953,4968,2.33,1.61,2.4,1.66
25/02/2021,Player53,Player6,2,9,4719,4577,1.84,1.97,1.9,2.03
25/02/2021,Player38,Player24,5,40,4828,2440,1.45,2.77,1.49,2.86
25/02/2021,Player25,Player12,16,26,3895,3655,1.62,2.32,1.66,2.38
26/02/2021,Player15,Player21,34,53,2466,1077,1.43,2.85,1.47,2.93
26/02/2021,Player17,Player13,49,39,1531,2325,2.01,1.81,2.07,1.86
26/02/2021,Player10,Player11,31,45,2848,2050,1.68,2.2,1.73,2.27
27/02/2021,Player53,Player6,2,9,4719,4577,1.8,2.02,1.85,2.08
27/02/2021,Player37,Player59,52,43,1222,2172,1.92,1.89,1.98,1.94
27/02/2021,Player14,Player15,11,34,4174,2466,1.61,2.33,1.66,2.4
28/02/2021,Player33,Player13,24,39,3673,2325,1.71,2.14,1.76,2.21
28/02/2021,Player9,Player25,29,16,3213,3895,2.02,1.81,2.07,1.86
28/02/2021,Player49,Player54,10,47,4133,1574,1.41,2.92,1.46,3.0
01/03/2021,Player15,Player9,34,29,2466,3213,2.1,1.74,2.16,1.79
01/03/2021,Player19,Player54,50,47,1479,1574,1.93,1.88,1.98,1.94
01/03/2021,Player35,Player41,57,51,1093,1403,2.02,1.8,2.08,1.85
02/03/2021,Player43,Player55,1,36,4968,2316,1.52,2.56,1.56,2.63
02/03/2021,Player38,Player39,5,37,4828,2389,1.47,2.7,1.51,2.78
02/03/2021,Player20,Player22,41,42,2260,1754,1.77,2.06,1.82,2.12
03/03/2021,Player33,Player16,24,35,3673,2680,1.78,2.05,1.83,2.11
03/03/2021,Player43,Player20,1,41,4968,2260,1.49,2.64,1.53,2.72
03/03/2021,Player38,Player1,5,60,4828,994,1.21,4.45,1.25,4.58
04/03/2021,Player24,Player46,40,7,2440,4796,2.9,1.42,2.99,1.46
04/03/2021,Player39,Player35,37,57,2389,1093,1.64,2.26,1.69,2.33
04/03/2021,Player55,Player20,36,41,2316,2260,1.86,1.95,1.91,2.01
05/03/2021,Player37,Player23,52,8,1222,3953,2.95,1.41,3.04,1.45
05/03/2021,Player9,Player46,29,7,3213,4796,2.96,1.4,3.05,1.45
05/03/2021,Player27,Player44,4,22,4718,3686,1.46,2.75,1.5,2.83
06/03/2021,Player7,Player40,20,17,3316,3658,1.86,1.96,1.91,2.01
06/03/2021,Player25,Player42,16,13,3895,3909,2.11,1.73,2.17,1.79
06/03/2021,Player4,Player31,19,55,3295,899,1.51,2.58,1.56,2.65
07/03/2021,Player41,Player44,51,22,1403,3686,2.47,1.55,2.54,1.6
07/03/2021,Player7,Player19,20,50,3316,1479,1.55,2.48,1.59,2.55
07/03/2021,Player39,Player15,37,34,2389,2466,2.05,1.78,2.11,1.83
08/03/2021,Player54,Player21,47,53,1574,1077,1.96,1.86,2.01,1.91
08/03/2021,Player6,Player13,9,39,4577,2325,1.45,2.77,1.5,2.85
08/03/2021,Player14,Player32,11,46,4174,1603,1.45,2.77,1.5,2.85
09/03/2021,Player43,Player47,1,6,4968,4446,1.67,2.21,1.72,2.28
09/03/2021,Player17,Player37,49,52,1531,1222,1.91,1.9,1.97,1.95
09/03/2021,Player34,Player30,32,56,2831,1065,1.49,2.63,1.54,2.7
10/03/2021,Player27,Player57,4,48,4718,1587,1.33,3.36,1.37,3.46
10/03/2021,Player47,Player57,6,48,4446,1587,1.35,3.26,1.39,3.36
10/03/2021,Player50,Player52,15,3,3906,4703,2.13,1.72,2.2,1.77
11/03/2021,Player4,Player17,19,49,3295,1531,1.57,2.42,1.62,2.49
11/03/2021,Player7,Player58,20,38,3316,2420,1.79,2.04,1.84,2.1
11/03/2021,Player43,Player34,1,32,4968,2831,1.29,3.66,1.32,3.77
12/03/2021,Player30,Player54,56,47,1065,1574,2.04,1.79,2.1,1.84
12/03/2021,Player27,Player46,4,7,4718,4796,1.71,2.15,1.76,2.21
12/03/2021,Player46,Player24,7,40,4796,2440,1.52,2.56,1.56,2.64
13/03/2021,Player44,Player2,22,44,3686,1873,1.54,2.49,1.59,2.57
13/03/2021,Player50,Player3,15,28,3906,3305,1.69,2.17,1.74,2.24
13/03/2021,Player11,Player24,45,40,2050,2440,1.84,1.98,1.89,2.03
14/03/2021,Player14,Player2,11,44,4174,1873,1.38,3.06,1.42,3.15
14/03/2021,Player11,Player12,45,26,2050,3655,2.29,1.63,2.36,1.68
14/03/2021,Player48,Player13,12,39,4191,2325,1.49,2.63,1.54,2.71
15/03/2021,Player24,Player22,40,42,2440,1754,1.81,2.01,1.86,2.07
15/03/2021,Player15,Player21,34,53,2466,1077,1.76,2.07,1.82,2.13
15/03/2021,Player57,Player6,48,9,1587,4577,3.31,1.34,3.41,1.38
16/03/2021,Player33,Player43,24,1,3673,4968,2.55,1.52,2.63,1.56
16/03/2021,Player41,Player11,51,45,1403,2050,1.75,2.09,1.8,2.15
16/03/2021,Player12,Player24,26,40,3655,2440,1.53,2.52,1.58,2.59
17/03/2021,Player54,Player28,47,18,1574,3592,2.45,1.56,2.53,1.6
17/03/2021,Player35,Player12,57,26,1093,3655,2.98,1.4,3.07,1.44
17/03/2021,Player34,Player54,32,47,2831,1574,1.61,2.33,1.66,2.4
18/03/2021,Player15,Player58,34,38,2466,2420,1.83,1.99,1.88,2.05
18/03/2021,Player20,Player9,41,29,2260,3213,2.16,1.7,2.22,1.75
18/03/2021,Player14,Player50,11,15,4174,3906,2.07,1.77,2.13,1.82
19/03/2021,Player47,Player11,6,45,4446,2050,1.32,3.4,1.36,3.5
19/03/2021,Player56,Player12,14,26,3706,3655,1.6,2.35,1.65,2.42
19/03/2021,Player29,Player57,54,48,1316,1587,1.73,2.12,1.78,2.18
20/03/2021,Player56,Player59,14,43,3706,2172,1.4,3.0,1.44,3.09
20/03/2021,Player23,Player13,8,39,3953,2325,1.53,2.53,1.57,2.6
20/03/2021,Player51,Player14,27,11,3119,4174,2.37,1.59,2.44,1.64
21/03/2021,Player21,Player22,53,42,1077,1754,2.2,1.68,2.26,1.73
21/03/2021,Player10,Player20,31,41,2848,2260,1.77,2.06,1.83,2.12
21/03/2021,Player20,Player55,41,36,2260,2316,1.95,1.86,2.01,1.92
22/03/2021,Player26,Player51,30,27,3202,3119,2.41,1.58,2.48,1.62
22/03/2021,Player28,Player32,18,46,3592,1603,1.39,3.01,1.43,3.1
22/03/2021,Player6,Player31,9,55,4577,899,1.31,3.45,1.35,3.56
23/03/2021,Player52,Player58,3,38,4703,2420,1.5,2.61,1.54,2.69
23/03/2021,Player38,Player17,5,49,4828,1531,1.34,3.27,1.38,3.36
23/03/2021,Player45,Player33,25,24,3083,3673,2.14,1.71,2.21,1.76
24/03/2021,Player24,Player35,40,57,2440,1093,1.51,2.58,1.55,2.66
24/03/2021,Player20,Player11,41,45,2260,2050,1.82,1.99,1.88,2.05
24/03/2021,Player23,Player4,8,19,3953,3295,1.58,2.41,1.62,2.48
25/03/2021,Player0,Player59,33,43,2577,2172,1.89,1.92,1.95,1.97
25/03/2021,Player7,Player17,20,49,3316,1531,1.38,3.06,1.42,3.15
25/03/2021,Player50,Player1,15,60,3906,994,1.18,4.87,1.22,5.01
26/03/2021,Player39,Player54,37,47,2389,1574,1.75,2.09,1.8,2.16
26/03/2021,Player46,Player34,7,32,4796,2831,1.63,2.29,1.68,2.36
26/03/2021,Player31,Player9,55,29,899,3213,2.82,1.44,2.9,1.48
27/03/2021,Player49,Player54,10,47,4133,1574,1.36,3.18,1.4,3.27
27/03/2021,Player25,Player58,16,38,3895,2420,1.57,2.43,1.61,2.5
27/03/2021,Player20,Player29,41,54,2260,1316,1.77,2.06,1.83,2.12
28/03/2021,Player39,Player51,37,27,2389,3119,2.18,1.69,2.25,1.74
28/03/2021,Player48,Player31,12,55,4191,899,1.3,3.56,1.34,3.67
28/03/2021,Player6,Player29,9,54,4577,1316,1.3,3.55,1.34,3.65
29/03/2021,Player47,Player30,6,56,4446,1065,1.32,3.39,1.36,3.49
29/03/2021,Player59,Player20,43,41,2172,2260,1.93,1.88,1.99,1.93
29/03/2021,Player56,Player0,14,33,3706,2577,1.65,2.25,1.7,2.32
30/03/2021,Player54,Player8,47,59,1574,901,1.75,2.09,1.8,2.15
30/03/2021,Player20,Player39,41,37,2260,2389,1.95,1.86,2.01,1.92
30/03/2021,Player28,Player35,18,57,3592,1093,1.5,2.62,1.54,2.69
31/03/2021,Player17,Player20,49,41,1531,2260,2.04,1.79,2.1,1.84
31/03/2021,Player22,Player24,42,40,1754,2440,1.81,2.01,1.86,2.07
31/03/2021,Player30,Player28,56,18,1065,3592,3.03,1.39,3.12,1.43
01/04/2021,Player45,Player14,25,11,3083,4174,2.12,1.73,2.18,1.78
01/04/2021,Player20,Player4,41,19,2260,3295,2.5,1.54,2.57,1.58
01/04/2021,Player29,Player4,54,19,1316,3295,2.81,1.44,2.9,1.48
02/04/2021,Player16,Player55,35,36,2680,2316,1.91,1.9,1.97,1.95
02/04/2021,Player13,Player32,39,46,2325,1603,1.58,2.4,1.63,2.47
02/04/2021,Player54,Player30,47,56,1574,1065,1.88,1.93,1.93,1.99
03/04/2021,Player1,Player59,60,43,994,2172,2.29,1.63,2.36,1.68
03/04/2021,Player42,Player45,13,25,3909,3083,1.75,2.08,1.8,2.15
03/04/2021,Player6,Player40,9,17,4577,3658,1.75,2.09,1.8,2.15
04/04/2021,Player57,Player1,48,60,1587,994,1.59,2.38,1.63,2.45
04/04/2021,Player54,Player16,47,35,1574,2680,2.08,1.76,2.14,1.81
04/04/2021,Player4,Player48,19,12,3295,4191,2.27,1.64,2.34,1.69
05/04/2021,Player4,Player52,19,3,3295,4703,2.18,1.69,2.24,1.74
05/04/2021,Player4,Player22,19,42,3295,1754,1.54,2.49,1.59,2.57
05/04/2021,Player32,Player39,46,37,1603,2389,2.16,1.7,2.23,1.75
06/04/2021,Player15,Player52,34,3,2466,4703,2.51,1.53,2.59,1.58
06/04/2021,Player15,Player14,34,11,2466,4174,2.37,1.59,2.44,1.64
06/04/2021,Player3,Player36,28,58,3305,885,1.41,2.92,1.45,3.01
07/04/2021,Player45,Player26,25,30,3083,3202,1.76,2.07,1.81,2.13
07/04/2021,Player57,Player36,48,58,1587,885,1.9,1.91,1.96,1.97
07/04/2021,Player42,Player14,13,11,3909,4174,1.87,1.95,1.92,2.0
08/04/2021,Player27,Player59,4,43,4718,2172,1.37,3.14,1.41,3.24
08/04/2021,Player25,Player56,16,14,3895,3706,2.05,1.78,2.11,1.83
08/04/2021,Player17,Player8,49,59,1531,901,1.66,2.23,1.71,2.3
09/04/2021,Player43,Player22,1,42,4968,1754,1.36,3.17,1.4,3.27
09/04/2021,Player15,Player37,34,52,2466,1222,1.67,2.22,1.72,2.28
09/04/2021,Player27,Player58,4,38,4718,2420,1.48,2.69,1.52,2.77
10/04/2021,Player38,Player24,5,40,4828,2440,1.54,2.5,1.58,2.57
10/04/2021,Player1,Player57,60,48,994,1587,2.16,1.71,2.22,1.76
10/04/2021,Player5,Player45,21,25,3756,3083,1.76,2.07,1.82,2.13
11/04/2021,Player10,Player44,31,22,2848,3686,2.11,1.73,2.18,1.78
11/04/2021,Player37,Player58,52,38,1222,2420,2.12,1.73,2.18,1.78
11/04/2021,Player56,Player29,14,54,3706,1316,1.34,3.29,1.38,3.39
12/04/2021,Player48,Player25,12,16,4191,3895,2.0,1.82,2.06,1.87
12/04/2021,Player59,Player56,43,14,2172,3706,2.62,1.5,2.7,1.54
12/04/2021,Player22,Player17,42,49,1754,1531,2.03,1.8,2.09,1.85
13/04/2021,Player52,Player5,3,21,4703,3756,1.56,2.46,1.6,2.53
13/04/2021,Player45,Player28,25,18,3083,3592,1.95,1.87,2.0,1.92
13/04/2021,Player6,Player37,9,52,4577,1222,1.5,2.61,1.54,2.69
14/04/2021,Player12,Player18,26,23,3655,3354,2.09,1.75,2.15,1.8
14/04/2021,Player48,Player37,12,52,4191,1222,1.38,3.06,1.42,3.15
14/04/2021,Player46,Player3,7,28,4796,3305,1.64,2.26,1.69,2.33
15/04/2021,Player4,Player19,19,50,3295,1479,1.49,2.64,1.53,2.72
15/04/2021,Player52,Player26,3,30,4703,3202,1.51,2.59,1.55,2.67
15/04/2021,Player17,Player7,49,20,1531,3316,3.18,1.36,3.27,1.4
16/04/2021,Player17,Player42,49,13,1531,3909,2.65,1.49,2.73,1.53
16/04/2021,Player33,Player29,24,54,3673,1316,1.42,2.9,1.46,2.98
16/04/2021,Player22,Player20,42,41,1754,2260,1.97,1.85,2.02,1.9
17/04/2021,Player43,Player21,1,53,4968,1077,1.3,3.58,1.34,3.68
17/04/2021,Player59,Player28,43,18,2172,3592,2.37,1.59,2.44,1.64
17/04/2021,Player58,Player8,38,59,2420,901,1.5,2.6,1.55,2.67
18/04/2021,Player22,Player55,42,36,1754,2316,2.13,1.72,2.19,1.77
18/04/2021,Player24,Player30,40,56,2440,1065,1.55,2.47,1.6,2.54
18/04/2021,Player1,Player28,60,18,994,3592,3.25,1.35,3.35,1.39
19/04/2021,Player26,Player1,30,60,3202,994,1.43,2.86,1.47,2.95
19/04/2021,Player10,Player3,31,28,2848,3305,2.02,1.81,2.07,1.86
19/04/2021,Player3,Player55,28,36,3305,2316,1.79,2.03,1.85,2.09
20/04/2021,Player19,Player21,50,53,1479,1077,1.85,1.97,1.9,2.03
20/04/2021,Player51,Player50,27,15,3119,3906,2.04,1.79,2.1,1.84
20/04/2021,Player35,Player24,57,40,1093,2440,2.23,1.66,2.29,1.71
21/04/2021,Player19,Player4,50,19,1479,3295,2.76,1.45,2.85,1.5
21/04/2021,Player34,Player47,32,6,2831,4446,2.76,1.45,2.84,1.5
21/04/2021,Player24,Player8,40,59,2440,901,1.74,2.11,1.79,2.17
22/04/2021,Player47,Player55,6,36,4446,2316,1.4,2.97,1.44,3.05
22/04/2021,Player14,Player32,11,46,4174,1603,1.62,2.3,1.67,2.37
22/04/2021,Player56,Player59,14,43,3706,2172,1.41,2.95,1.45,3.04
23/04/2021,Player41,Player58,51,38,1403,2420,1.96,1.86,2.01,1.91
23/04/2021,Player19,Player37,50,52,1479,1222,1.85,1.97,1.9,2.02
23/04/2021,Player39,Player31,37,55,2389,899,1.69,2.18,1.74,2.24
24/04/2021,Player42,Player38,13,5,3909,4828,2.21,1.67,2.28,1.72
24/04/2021,Player55,Player44,36,22,2316,3686,2.33,1.61,2.4,1.66
24/04/2021,Player18,Player55,23,36,3354,2316,1.65,2.25,1.7,2.31
25/04/2021,Player49,Player14,10,11,4133,4174,1.75,2.09,1.8,2.15
25/04/2021,Player15,Player5,34,21,2466,3756,2.08,1.76,2.14,1.81
25/04/2021,Player7,Player29,20,54,3316,1316,1.39,3.0,1.44,3.09
26/04/2021,Player50,Player55,15,36,3906,2316,1.5,2.6,1.55,2.68
26/04/2021,Player46,Player33,7,24,4796,3673,1.76,2.07,1.82,2.13
26/04/2021,Player8,Player41,59,51,901,1403,2.28,1.64,2.35,1.68
27/04/2021,Player4,Player57,19,48,3295,1587,1.55,2.46,1.6,2.53
27/04/2021,Player58,Player41,38,51,2420,1403,1.79,2.03,1.84,2.09
27/04/2021,Player34,Player1,32,60,2831,994,1.46,2.73,1.51,2.81
28/04/2021,Player40,Player13,17,39,3658,2325,1.65,2.26,1.69,2.33
28/04/2021,Player59,Player1,43,60,2172,994,1.81,2.01,1.86,2.07
28/04/2021,Player53,Player8,2,59,4719,901,1.17,5.15,1.2,5.31
29/04/2021,Player21,Player43,53,1,1077,4968,3.94,1.26,4.06,1.29
29/04/2021,Player6,Player27,9,4,4577,4718,2.06,1.77,2.12,1.82
29/04/2021,Player57,Player56,48,14,1587,3706,2.63,1.49,2.71,1.54
30/04/2021,Player5,Player49,21,10,3756,4133,2.32,1.61,2.39,1.66
30/04/2021,Player44,Player11,22,45,3686,2050,1.49,2.63,1.54,2.71
30/04/2021,Player58,Player25,38,16,2420,3895,2.52,1.53,2.59,1.58
01/05/2021,Player28,Player19,18,50,3592,1479,1.56,2.44,1.61,2.52
01/05/2021,Player59,Player47,43,6,2172,4446,2.5,1.54,2.57,1.59
01/05/2021,Player48,Player37,12,52,4191,1222,1.39,3.01,1.43,3.1
02/05/2021,Player31,Player32,55,46,899,1603,1.92,1.89,1.97,1.95
02/05/2021,Player56,Player35,14,57,3706,1093,1.28,3.69,1.32,3.8
02/05/2021,Player20,Player1,41,60,2260,994,1.49,2.64,1.53,2.72
03/05/2021,Player41,Player20,51,41,1403,2260,2.03,1.79,2.09,1.85
03/05/2021,Player47,Player43,6,1,4446,4968,1.94,1.87,2.0,1.92
03/05/2021,Player59,Player57,43,48,2172,1587,1.7,2.17,1.75,2.23
04/05/2021,Player52,Player26,3,30,4703,3202,1.56,2.44,1.61,2.51
04/05/2021,Player23,Player24,8,40,3953,2440,1.45,2.78,1.49,2.86
04/05/2021,Player43,Player35,1,57,4968,1093,1.31,3.46,1.35,3.56
05/05/2021,Player58,Player15,38,34,2420,2466,2.09,1.75,2.15,1.8
05/05/2021,Player37,Player55,52,36,1222,2316,2.43,1.57,2.5,1.61
05/05/2021,Player22,Player12,42,26,1754,3655,2.21,1.68,2.27,1.73
06/05/2021,Player46,Player15,7,34,4796,2466,1.45,2.79,1.49,2.87
06/05/2021,Player50,Player38,15,5,3906,4828,2.03,1.79,2.09,1.85
06/05/2021,Player17,Player33,49,24,1531,3673,3.34,1.33,3.44,1.37
07/05/2021,Player49,Player40,10,17,4133,3658,1.72,2.13,1.78,2.19
07/05/2021,Player52,Player51,3,27,4703,3119,1.57,2.41,1.62,2.48
07/05/2021,Player0,Player54,33,47,2577,1574,1.65,2.26,1.7,2.32
08/05/2021,Player57,Player13,48,39,1587,2325,2.15,1.71,2.22,1.76
08/05/2021,Player29,Player1,54,60,1316,994,1.67,2.22,1.72,2.28
08/05/2021,Player1,Player45,60,25,994,3083,2.75,1.46,2.83,1.5
09/05/2021,Player51,Player59,27,43,3119,2172,1.87,1.94,1.92,2.0
09/05/2021,Player15,Player38,34,5,2466,4828,2.81,1.44,2.9,1.48
09/05/2021,Player56,Player38,14,5,3706,4828,2.23,1.66,2.3,1.71
10/05/2021,Player54,Player27,47,4,1574,4718,2.68,1.48,2.76,1.52
10/05/2021,Player11,Player9,45,29,2050,3213,2.07,1.76,2.13,1.81
10/05/2021,Player26,Player9,30,29,3202,3213,1.89,1.92,1.95,1.97
11/05/2021,Player13,Player52,39,3,2325,4703,3.16,1.36,3.26,1.4
11/05/2021,Player57,Player13,48,39,1587,2325,2.14,1.72,2.2,1.77
11/05/2021,Player51,Player8,27,59,3119,901,1.35,3.22,1.39,3.31
12/05/2021,Player4,Player16,19,35,3295,2680,1.81,2.01,1.86,2.07
12/05/2021,Player41,Player7,51,20,1403,3316,3.0,1.4,3.09,1.44
12/05/2021,Player33,Player40,24,17,3673,3658,2.1,1.74,2.17,1.79
13/05/2021,Player6,Player45,9,25,4577,3083,1.7,2.17,1.75,2.23
13/05/2021,Player38,Player45,5,25,4828,3083,1.58,2.39,1.63,2.47
13/05/2021,Player44,Player19,22,50,3686,1479,1.5,2.62,1.54,2.69
14/05/2021,Player6,Player3,9,28,4577,3305,1.63,2.29,1.68,2.35
14/05/2021,Player5,Player11,21,45,3756,2050,1.58,2.41,1.62,2.48
14/05/2021,Player32,Player40,46,17,1603,3658,2.69,1.47,2.77,1.52
15/05/2021,Player44,Player31,22,55,3686,899,1.43,2.84,1.47,2.92
15/05/2021,Player17,Player46,49,7,1531,4796,3.08,1.38,3.17,1.42
15/05/2021,Player10,Player8,31,59,2848,901,1.63,2.3,1.67,2.36
16/05/2021,Player55,Player6,36,9,2316,4577,2.3,1.62,2.37,1.67
16/05/2021,Player40,Player28,17,18,3658,3592,2.03,1.79,2.09,1.85
16/05/2021,Player22,Player13,42,39,1754,2325,1.92,1.89,1.98,1.95
17/05/2021,Player5,Player17,21,49,3756,1531,1.5,2.6,1.55,2.68
17/05/2021,Player36,Player0,58,33,885,2577,2.44,1.56,2.51,1.61
17/05/2021,Player6,Player34,9,32,4577,2831,1.39,3.0,1.44,3.09
18/05/2021,Player37,Player9,52,29,1222,3213,2.33,1.61,2.4,1.66
18/05/2021,Player41,Player10,51,31,1403,2848,2.25,1.65,2.32,1.7
18/05/2021,Player3,Player20,28,41,3305,2260,1.67,2.21,1.72,2.28
19/05/2021,Player3,Player14,28,11,3305,4174,2.08,1.76,2.14,1.81
19/05/2021,Player42,Player36,13,58,3909,885,1.41,2.92,1.46,3.0
19/05/2021,Player14,Player24,11,40,4174,2440,1.67,2.22,1.71,2.29
20/05/2021,Player22,Player46,42,7,1754,4796,2.8,1.44,2.88,1.49
20/05/2021,Player49,Player57,10,48,4133,1587,1.33,3.33,1.37,3.43
20/05/2021,Player59,Player36,43,58,2172,885,1.53,2.53,1.57,2.61
21/05/2021,Player0,Player53,33,2,2577,4719,3.12,1.37,3.21,1.41
21/05/2021,Player11,Player29,45,54,2050,1316,1.86,1.95,1.91,2.01
21/05/2021,Player7,Player52,20,3,3316,4703,2.23,1.66,2.29,1.71
22/05/2021,Player2,Player6,44,9,1873,4577,2.44,1.56,2.51,1.61
22/05/2021,Player55,Player39,36,37,2316,2389,1.86,1.95,1.92,2.01
22/05/2021,Player49,Player21,10,53,4133,1077,1.29,3.64,1.33,3.75
23/05/2021,Player8,Player41,59,51,901,1403,1.92,1.89,1.97,1.95
23/05/2021,Player32,Player40,46,17,1603,3658,2.36,1.6,2.43,1.65
23/05/2021,Player8,Player7,59,20,901,3316,3.55,1.3,3.65,1.34
24/05/2021,Player4,Player41,19,51,3295,1403,1.49,2.63,1.54,2.71
24/05/2021,Player43,Player28,1,18,4968,3592,1.82,2.0,1.87,2.06
24/05/2021,Player26,Player43,30,1,3202,4968,2.58,1.51,2.65,1.56
25/05/2021,Player33,Player0,24,33,3673,2577,1.73,2.12,1.78,2.19
25/05/2021,Player13,Player54,39,47,2325,1574,1.76,2.07,1.82,2.13
25/05/2021,Player20,Player0,41,33,2260,2577,2.11,1.74,2.17,1.79
26/05/2021,Player22,Player15,42,34,1754,2466,2.26,1.64,2.33,1.69
26/05/2021,Player46,Player53,7,2,4796,4719,1.94,1.87,1.99,1.93
26/05/2021,Player58,Player19,38,50,2420,1479,1.9,1.91,1.95,1.97
27/05/2021,Player2,Player12,44,26,1873,3655,2.4,1.58,2.47,1.62
27/05/2021,Player8,Player54,59,47,901,1574,2.33,1.61,2.4,1.66
27/05/2021,Player9,Player5,29,21,3213,3756,1.98,1.84,2.03,1.89
28/05/2021,Player12,Player34,26,32,3655,2831,1.81,2.01,1.86,2.07
28/05/2021,Player13,Player21,39,53,2325,1077,1.61,2.32,1.66,2.39
28/05/2021,Player19,Player54,50,47,1479,1574,1.91,1.9,1.97,1.95
29/05/2021,Player48,Player19,12,50,4191,1479,1.37,3.14,1.41,3.23
29/05/2021,Player34,Player19,32,50,2831,1479,1.59,2.38,1.63,2.45
29/05/2021,Player7,Player54,20,47,3316,1574,1.57,2.41,1.62,2.48
30/05/2021,Player3,Player9,28,29,3305,3213,2.12,1.73,2.18,1.78
30/05/2021,Player31,Player36,55,58,899,885,1.8,2.03,1.85,2.09
30/05/2021,Player21,Player32,53,46,1077,1603,2.11,1.74,2.17,1.79
31/05/2021,Player18,Player45,23,25,3354,3083,1.86,1.96,1.91,2.01
31/05/2021,Player41,Player48,51,12,1403,4191,3.12,1.37,3.21,1.41
31/05/2021,Player13,Player50,39,15,2325,3906,2.44,1.56,2.52,1.61
01/06/2021,Player3,Player58,28,38,3305,2420,1.82,2.0,1.87,2.06
01/06/2021,Player6,Player39,9,37,4577,2389,1.47,2.7,1.52,2.78
01/06/2021,Player33,Player8,24,59,3673,901,1.47,2.71,1.51,2.79
02/06/2021,Player49,Player57,10,48,4133,1587,1.32,3.4,1.36,3.49
02/06/2021,Player3,Player7,28,20,3305,3316,2.09,1.75,2.15,1.8
02/06/2021,Player29,Player1,54,60,1316,994,1.71,2.16,1.76,2.22
03/06/2021,Player15,Player39,34,37,2466,2389,1.95,1.87,2.0,1.92
03/06/2021,Player14,Player19,11,50,4174,1479,1.38,3.07,1.42,3.16
03/06/2021,Player29,Player32,54,46,1316,1603,2.14,1.72,2.2,1.77
04/06/2021,Player41,Player40,51,17,1403,3658,2.89,1.42,2.98,1.46
04/06/2021,Player26,Player17,30,49,3202,1531,1.66,2.24,1.71,2.31
04/06/2021,Player35,Player53,57,2,1093,4719,3.82,1.27,3.93,1.31
05/06/2021,Player52,Player56,3,14,4703,3706,1.75,2.09,1.8,2.15
05/06/2021,Player53,Player36,2,58,4719,885,1.26,3.91,1.3,4.02
05/06/2021,Player16,Player14,35,11,2680,4174,2.47,1.55,2.55,1.59
06/06/2021,Player35,Player2,57,44,1093,1873,2.03,1.79,2.09,1.84
06/06/2021,Player40,Player57,17,48,3658,1587,1.53,2.51,1.58,2.59
06/06/2021,Player10,Player8,31,59,2848,901,1.44,2.8,1.49,2.88
07/06/2021,Player10,Player41,31,51,2848,1403,1.71,2.15,1.76,2.21
07/06/2021,Player30,Player19,56,50,1065,1479,1.86,1.95,1.91,2.01
07/06/2021,Player38,Player34,5,32,4828,2831,1.48,2.66,1.53,2.74
08/06/2021,Player44,Player16,22,35,3686,2680,1.8,2.03,1.85,2.08
08/06/2021,Player10,Player58,31,38,2848,2420,1.93,1.88,1.98,1.94
08/06/2021,Player7,Player14,20,11,3316,4174,1.95,1.86,2.0,1.92
09/06/2021,Player40,Player7,17,20,3658,3316,1.99,1.83,2.04,1.88
09/06/2021,Player54,Player45,47,25,1574,3083,2.64,1.49,2.72,1.53
09/06/2021,Player52,Player17,3,49,4703,1531,1.3,3.53,1.34,3.63
10/06/2021,Player12,Player23,26,8,3655,3953,2.47,1.55,2.55,1.59
10/06/2021,Player9,Player50,29,15,3213,3906,2.29,1.63,2.36,1.68
10/06/2021,Player55,Player49,36,10,2316,4133,2.62,1.5,2.7,1.54
11/06/2021,Player44,Player56,22,14,3686,3706,1.89,1.92,1.94,1.98
11/06/2021,Player24,Player34,40,32,2440,2831,2.29,1.63,2.35,1.68
11/06/2021,Player18,Player49,23,10,3354,4133,2.13,1.72,2.2,1.77
12/06/2021,Player15,Player44,34,22,2466,3686,2.12,1.73,2.19,1.78
12/06/2021,Player40,Player56,17,14,3658,3706,1.99,1.83,2.05,1.88
12/06/2021,Player45,Player42,25,13,3083,3909,2.45,1.56,2.52,1.61
13/06/2021,Player17,Player10,49,31,1531,2848,2.13,1.72,2.19,1.77
13/06/2021,Player44,Player35,22,57,3686,1093,1.48,2.66,1.53,2.73
13/06/2021,Player29,Player56,54,14,1316,3706,3.42,1.32,3.52,1.36
14/06/2021,Player30,Player23,56,8,1065,3953,3.62,1.29,3.72,1.33
14/06/2021,Player58,Player8,38,59,2420,901,1.52,2.56,1.56,2.64
14/06/2021,Player5,Player26,21,30,3756,3202,1.72,2.13,1.77,2.2
15/06/2021,Player59,Player32,43,46,2172,1603,1.85,1.96,1.91,2.02
15/06/2021,Player41,Player3,51,28,1403,3305,2.56,1.52,2.64,1.56
15/06/2021,Player27,Player4,4,19,4718,3295,1.68,2.19,1.73,2.26
16/06/2021,Player47,Player11,6,45,4446,2050,1.47,2.71,1.51,2.79
16/06/2021,Player40,Player41,17,51,3658,1403,1.53,2.54,1.57,2.61
16/06/2021,Player17,Player23,49,8,1531,3953,3.2,1.36,3.3,1.4
17/06/2021,Player52,Player4,3,19,4703,3295,1.59,2.38,1.64,2.45
17/06/2021,Player7,Player51,20,27,3316,3119,1.71,2.15,1.76,2.21
17/06/2021,Player19,Player2,50,44,1479,1873,2.31,1.62,2.38,1.67
18/06/2021,Player13,Player38,39,5,2325,4828,2.97,1.4,3.06,1.44
18/06/2021,Player38,Player54,5,47,4828,1574,1.34,3.27,1.38,3.37
18/06/2021,Player29,Player22,54,42,1316,1754,2.29,1.63,2.35,1.68
19/06/2021,Player34,Player49,32,10,2831,4133,2.44,1.56,2.51,1.61
19/06/2021,Player58,Player7,38,20,2420,3316,2.38,1.59,2.45,1.63
19/06/2021,Player11,Player30,45,56,2050,1065,1.87,1.95,1.92,2.0
20/06/2021,Player23,Player57,8,48,3953,1587,1.35,3.21,1.39,3.3
20/06/2021,Player43,Player5,1,21,4968,3756,1.66,2.23,1.71,2.29
20/06/2021,Player27,Player39,4,37,4718,2389,1.39,3.04,1.43,3.13
21/06/2021,Player39,Player0,37,33,2389,2577,1.9,1.91,1.96,1.96
21/06/2021,Player32,Player40,46,17,1603,3658,2.75,1.46,2.83,1.5
21/06/2021,Player51,Player36,27,58,3119,885,1.39,3.05,1.43,3.14
22/06/2021,Player41,Player35,51,57,1403,1093,1.82,2.0,1.87,2.06
22/06/2021,Player2,Player36,44,58,1873,885,1.76,2.08,1.81,2.14
22/06/2021,Player46,Player3,7,28,4796,3305,1.58,2.4,1.62,2.47
23/06/2021,Player16,Player9,35,29,2680,3213,2.02,1.8,2.08,1.85
23/06/2021,Player9,Player40,29,17,3213,3658,2.24,1.66,2.3,1.71
23/06/2021,Player46,Player23,7,8,4796,3953,2.07,1.76,2.13,1.81
24/06/2021,Player40,Player59,17,43,3658,2172,1.5,2.61,1.55,2.68
24/06/2021,Player52,Player15,3,34,4703,2466,1.58,2.41,1.62,2.48
24/06/2021,Player4,Player3,19,28,3295,3305,1.74,2.1,1.79,2.16
25/06/2021,Player24,Player56,40,14,2440,3706,2.45,1.56,2.52,1.6
25/06/2021,Player33,Player15,24,34,3673,2466,1.74,2.11,1.79,2.17
25/06/2021,Player4,Player45,19,25,3295,3083,1.84,1.97,1.89,2.03
26/06/2021,Player18,Player20,23,41,3354,2260,1.64,2.28,1.68,2.35
26/06/2021,Player38,Player2,5,44,4828,1873,1.34,3.29,1.38,3.39
26/06/2021,Player6,Player23,9,8,4577,3953,2.02,1.8,2.08,1.85
27/06/2021,Player59,Player34,43,32,2172,2831,2.15,1.71,2.21,1.76
27/06/2021,Player7,Player20,20,41,3316,2260,1.57,2.41,1.62,2.49
27/06/2021,Player11,Player0,45,33,2050,2577,2.45,1.56,2.53,1.6
28/06/2021,Player28,Player48,18,12,3592,4191,2.04,1.79,2.1,1.84
28/06/2021,Player51,Player19,27,50,3119,1479,1.71,2.16,1.76,2.22
28/06/2021,Player27,Player48,4,12,4718,4191,2.05,1.78,2.11,1.83
29/06/2021,Player47,Player40,6,17,4446,3658,1.7,2.16,1.75,2.23
29/06/2021,Player44,Player9,22,29,3686,3213,1.73,2.12,1.78,2.18
29/06/2021,Player49,Player26,10,30,4133,3202,1.54,2.5,1.58,2.57
30/06/2021,Player30,Player25,56,16,1065,3895,3.14,1.37,3.23,1.41
30/06/2021,Player30,Player52,56,3,1065,4703,3.39,1.32,3.49,1.36
30/06/2021,Player6,Player32,9,46,4577,1603,1.48,2.66,1.53,2.74
01/07/2021,Player30,Player31,56,55,1065,899,1.9,1.91,1.96,1.96
01/07/2021,Player5,Player42,21,13,3756,3909,2.04,1.78,2.1,1.84
01/07/2021,Player44,Player56,22,14,3686,3706,2.27,1.64,2.33,1.69
02/07/2021,Player27,Player49,4,10,4718,4133,1.72,2.13,1.77,2.2
02/07/2021,Player54,Player59,47,43,1574,2172,1.84,1.98,1.89,2.04
02/07/2021,Player49,Player37,10,52,4133,1222,1.32,3.44,1.36,3.54
03/07/2021,Player14,Player34,11,32,4174,2831,1.44,2.81,1.48,2.89
03/07/2021,Player59,Player36,43,58,2172,885,1.72,2.13,1.78,2.19
03/07/2021,Player14,Player16,11,35,4174,2680,1.42,2.9,1.46,2.98
04/07/2021,Player32,Player13,46,39,1603,2325,2.06,1.77,2.12,1.82
04/07/2021,Player3,Player41,28,51,3305,1403,1.51,2.58,1.55,2.66
04/07/2021,Player28,Player38,18,5,3592,4828,2.32,1.62,2.38,1.66
05/07/2021,Player47,Player41,6,51,4446,1403,1.2,4.65,1.23,4.78
05/07/2021,Player2,Player13,44,39,1873,2325,1.91,1.9,1.97,1.95
05/07/2021,Player49,Player5,10,21,4133,3756,1.69,2.18,1.74,2.24
06/07/2021,Player17,Player45,49,25,1531,3083,2.4,1.58,2.47,1.63
06/07/2021,Player44,Player59,22,43,3686,2172,1.66,2.24,1.71,2.3
06/07/2021,Player40,Player58,17,38,3658,2420,1.59,2.38,1.63,2.46
07/07/2021,Player20,Player33,41,24,2260,3673,2.26,1.65,2.32,1.7
07/07/2021,Player5,Player10,21,31,3756,2848,1.68,2.2,1.73,2.26
07/07/2021,Player44,Player25,22,16,3686,3895,2.55,1.52,2.63,1.56
08/07/2021,Player42,Player54,13,47,3909,1574,1.43,2.83,1.48,2.92
08/07/2021,Player46,Player38,7,5,4796,4828,1.99,1.83,2.05,1.88
08/07/2021,Player46,Player7,7,20,4796,3316,1.65,2.26,1.7,2.32
09/07/2021,Player53,Player34,2,32,4719,2831,1.4,2.97,1.44,3.06
09/07/2021,Player16,Player10,35,31,2680,2848,1.86,1.95,1.91,2.01
09/07/2021,Player31,Player25,55,16,899,3895,2.72,1.47,2.79,1.51
10/07/2021,Player18,Player31,23,55,3354,899,1.44,2.81,1.48,2.89
10/07/2021,Player39,Player20,37,41,2389,2260,1.75,2.1,1.8,2.16
10/07/2021,Player15,Player39,34,37,2466,2389,1.76,2.08,1.81,2.14
11/07/2021,Player5,Player30,21,56,3756,1065,1.44,2.8,1.49,2.88
11/07/2021,Player39,Player22,37,42,2389,1754,1.8,2.02,1.85,2.08
11/07/2021,Player8,Player10,59,31,901,2848,2.34,1.61,2.41,1.65
12/07/2021,Player43,Player59,1,43,4968,2172,1.31,3.5,1.35,3.6
12/07/2021,Player29,Player45,54,25,1316,3083,2.62,1.5,2.69,1.54
12/07/2021,Player27,Player48,4,12,4718,4191,1.94,1.87,1.99,1.93
13/07/2021,Player22,Player17,42,49,1754,1531,1.62,2.31,1.67,2.38
13/07/2021,Player0,Player44,33,22,2577,3686,2.21,1.67,2.27,1.72
13/07/2021,Player10,Player50,31,15,2848,3906,2.52,1.53,2.59,1.58
14/07/2021,Player20,Player55,41,36,2260,2316,1.99,1.83,2.05,1.88
14/07/2021,Player32,Player28,46,18,1603,3592,2.59,1.51,2.66,1.55
14/07/2021,Player30,Player6,56,9,1065,4577,3.6,1.29,3.71,1.33
15/07/2021,Player49,Player24,10,40,4133,2440,1.44,2.81,1.48,2.89
15/07/2021,Player16,Player31,35,55,2680,899,1.69,2.18,1.74,2.25
15/07/2021,Player7,Player56,20,14,3316,3706,2.14,1.71,2.2,1.77
16/07/2021,Player17,Player30,49,56,1531,1065,1.91,1.9,1.96,1.96
16/07/2021,Player6,Player34,9,32,4577,2831,1.66,2.23,1.71,2.29
16/07/2021,Player12,Player42,26,13,3655,3909,2.09,1.75,2.15,1.8
17/07/2021,Player56,Player14,14,11,3706,4174,2.02,1.8,2.08,1.86
17/07/2021,Player13,Player3,39,28,2325,3305,2.06,1.77,2.12,1.82
17/07/2021,Player40,Player1,17,60,3658,994,1.44,2.8,1.49,2.88
18/07/2021,Player40,Player23,17,8,3658,3953,2.01,1.81,2.07,1.86
18/07/2021,Player13,Player31,39,55,2325,899,1.53,2.52,1.58,2.59
18/07/2021,Player13,Player30,39,56,2325,1065,1.61,2.34,1.65,2.41
19/07/2021,Player54,Player48,47,12,1574,4191,2.43,1.57,2.5,1.61
19/07/2021,Player7,Player13,20,39,3316,2325,1.56,2.44,1.61,2.51
19/07/2021,Player20,Player56,41,14,2260,3706,2.52,1.53,2.59,1.58
20/07/2021,Player25,Player37,16,52,3895,1222,1.45,2.76,1.5,2.84
20/07/2021,Player14,Player47,11,6,4174,4446,1.94,1.87,2.0,1.93
20/07/2021,Player2,Player57,44,48,1873,1587,1.82,2.0,1.87,2.06
21/07/2021,Player43,Player51,1,27,4968,3119,1.49,2.64,1.53,2.72
21/07/2021,Player16,Player59,35,43,2680,2172,1.71,2.15,1.76,2.21
21/07/2021,Player55,Player44,36,22,2316,3686,2.76,1.45,2.84,1.5
22/07/2021,Player30,Player24,56,40,1065,2440,2.26,1.64,2.33,1.69
22/07/2021,Player43,Player14,1,11,4968,4174,1.64,2.28,1.69,2.34
22/07/2021,Player32,Player45,46,25,1603,3083,2.32,1.62,2.38,1.67
23/07/2021,Player58,Player0,38,33,2420,2577,2.03,1.79,2.09,1.85
23/07/2021,Player44,Player30,22,56,3686,1065,1.56,2.46,1.6,2.53
23/07/2021,Player8,Player35,59,57,901,1093,1.98,1.84,2.03,1.89
24/07/2021,Player45,Player23,25,8,3083,3953,2.24,1.66,2.3,1.71
24/07/2021,Player38,Player18,5,23,4828,3354,1.48,2.68,1.52,2.76
24/07/2021,Player12,Player42,26,13,3655,3909,2.07,1.76,2.14,1.81
25/07/2021,Player54,Player51,47,27,1574,3119,2.36,1.6,2.43,1.64
25/07/2021,Player44,Player8,22,59,3686,901,1.39,3.04,1.43,3.13
25/07/2021,Player4,Player57,19,48,3295,1587,1.54,2.48,1.59,2.56
26/07/2021,Player49,Player39,10,37,4133,2389,1.57,2.43,1.61,2.5
26/07/2021,Player37,Player17,52,49,1222,1531,1.85,1.96,1.9,2.02
26/07/2021,Player5,Player27,21,4,3756,4718,2.52,1.53,2.59,1.58
27/07/2021,Player28,Player39,18,37,3592,2389,1.62,2.32,1.66,2.39
27/07/2021,Player49,Player56,10,14,4133,3706,1.73,2.12,1.78,2.18
27/07/2021,Player50,Player11,15,45,3906,2050,1.52,2.54,1.57,2.61
28/07/2021,Player8,Player56,59,14,901,3706,3.19,1.36,3.28,1.4
28/07/2021,Player39,Player50,37,15,2389,3906,2.65,1.49,2.72,1.53
28/07/2021,Player32,Player41,46,51,1603,1403,1.84,1.97,1.9,2.03
29/07/2021,Player42,Player29,13,54,3909,1316,1.47,2.72,1.51,2.8
29/07/2021,Player19,Player20,50,41,1479,2260,2.03,1.79,2.09,1.84
29/07/2021,Player54,Player56,47,14,1574,3706,2.87,1.43,2.95,1.47
30/07/2021,Player32,Player1,46,60,1603,994,1.91,1.9,1.97,1.96
30/07/2021,Player25,Player31,16,55,3895,899,1.31,3.49,1.35,3.59
30/07/2021,Player11,Player58,45,38,2050,2420,2.28,1.63,2.35,1.68
31/07/2021,Player4,Player30,19,56,3295,1065,1.45,2.76,1.5,2.84
31/07/2021,Player5,Player6,21,9,3756,4577,2.15,1.71,2.21,1.76
31/07/2021,Player27,Player30,4,56,4718,1065,1.27,3.8,1.31,3.91
01/08/2021,Player42,Player19,13,50,3909,1479,1.34,3.28,1.38,3.37
01/08/2021,Player13,Player44,39,22,2325,3686,2.13,1.72,2.2,1.77
01/08/2021,Player20,Player31,41,55,2260,899,1.81,2.01,1.86,2.07
02/08/2021,Player0,Player57,33,48,2577,1587,1.62,2.32,1.67,2.38
02/08/2021,Player56,Player42,14,13,3706,3909,1.83,1.99,1.88,2.05
02/08/2021,Player52,Player32,3,46,4703,1603,1.32,3.43,1.36,3.53
03/08/2021,Player42,Player9,13,29,3909,3213,1.59,2.37,1.64,2.44
03/08/2021,Player45,Player22,25,42,3083,1754,1.72,2.13,1.77,2.2
03/08/2021,Player0,Player11,33,45,2577,2050,1.68,2.2,1.73,2.26
04/08/2021,Player53,Player24,2,40,4719,2440,1.39,3.05,1.43,3.14
04/08/2021,Player59,Player7,43,20,2172,3316,2.38,1.59,2.45,1.63
04/08/2021,Player37,Player20,52,41,1222,2260,2.24,1.66,2.3,1.71
05/08/2021,Player4,Player14,19,11,3295,4174,1.91,1.9,1.97,1.95
05/08/2021,Player27,Player57,4,48,4718,1587,1.41,2.95,1.45,3.04
05/08/2021,Player21,Player43,53,1,1077,4968,3.01,1.39,3.09,1.44
06/08/2021,Player40,Player35,17,57,3658,1093,1.31,3.5,1.35,3.6
06/08/2021,Player56,Player1,14,60,3706,994,1.35,3.23,1.39,3.33
06/08/2021,Player18,Player0,23,33,3354,2577,1.63,2.28,1.68,2.35
07/08/2021,Player51,Player0,27,33,3119,2577,1.71,2.15,1.76,2.21
07/08/2021,Player45,Player33,25,24,3083,3673,2.15,1.71,2.21,1.76
07/08/2021,Player23,Player42,8,13,3953,3909,2.0,1.82,2.06,1.87
08/08/2021,Player28,Player37,18,52,3592,1222,1.49,2.64,1.53,2.72
08/08/2021,Player29,Player44,54,22,1316,3686,2.58,1.51,2.65,1.56
08/08/2021,Player58,Player20,38,41,2420,2260,1.79,2.04,1.84,2.1
09/08/2021,Player1,Player19,60,50,994,1479,2.29,1.63,2.36,1.68
09/08/2021,Player51,Player10,27,31,3119,2848,1.95,1.86,2.01,1.91
09/08/2021,Player27,Player54,4,47,4718,1574,1.38,3.06,1.42,3.15
10/08/2021,Player30,Player24,56,40,1065,2440,2.34,1.61,2.41,1.66
10/08/2021,Player29,Player52,54,3,1316,4703,3.95,1.26,4.06,1.29
10/08/2021,Player22,Player46,42,7,1754,4796,3.05,1.39,3.14,1.43
11/08/2021,Player26,Player34,30,32,3202,2831,1.8,2.02,1.85,2.08
11/08/2021,Player29,Player42,54,13,1316,3909,2.98,1.4,3.07,1.44
11/08/2021,Player12,Player29,26,54,3655,1316,1.48,2.66,1.53,2.73
12/08/2021,Player58,Player52,38,3,2420,4703,3.03,1.39,3.12,1.43
12/08/2021,Player4,Player16,19,35,3295,2680,1.73,2.12,1.78,2.19
12/08/2021,Player30,Player26,56,30,1065,3202,2.34,1.61,2.41,1.66
13/08/2021,Player48,Player51,12,27,4191,3119,1.67,2.21,1.72,2.27
13/08/2021,Player11,Player29,45,54,2050,1316,1.74,2.1,1.79,2.17
13/08/2021,Player33,Player7,24,20,3673,3316,2.05,1.78,2.11,1.83
14/08/2021,Player9,Player51,29,27,3213,3119,1.84,1.97,1.89,2.03
14/08/2021,Player7,Player45,20,25,3316,3083,1.72,2.13,1.77,2.2
14/08/2021,Player59,Player22,43,42,2172,1754,2.09,1.75,2.15,1.8
15/08/2021,Player37,Player54,52,47,1222,1574,1.91,1.9,1.97,1.95
15/08/2021,Player23,Player9,8,29,3953,3213,1.59,2.37,1.64,2.44
15/08/2021,Player45,Player24,25,40,3083,2440,1.59,2.37,1.64,2.44
16/08/2021,Player27,Player57,4,48,4718,1587,1.32,3.44,1.36,3.54
16/08/2021,Player11,Player24,45,40,2050,2440,1.87,1.94,1.92,2.0
16/08/2021,Player1,Player51,60,27,994,3119,2.81,1.44,2.89,1.48
17/08/2021,Player14,Player5,11,21,4174,3756,1.63,2.3,1.67,2.37
17/08/2021,Player18,Player3,23,28,3354,3305,1.73,2.11,1.78,2.18
17/08/2021,Player29,Player54,54,47,1316,1574,2.0,1.82,2.06,1.87
18/08/2021,Player47,Player8,6,59,4446,901,1.25,4.01,1.29,4.12
18/08/2021,Player20,Player21,41,53,2260,1077,1.67,2.21,1.72,2.28
18/08/2021,Player2,Player41,44,51,1873,1403,1.84,1.97,1.9,2.03
19/08/2021,Player56,Player20,14,41,3706,2260,1.53,2.53,1.57,2.6
19/08/2021,Player42,Player44,13,22,3909,3686,1.78,2.05,1.83,2.11
19/08/2021,Player45,Player50,25,15,3083,3906,1.91,1.9,1.96,1.96
20/08/2021,Player52,Player4,3,19,4703,3295,1.62,2.31,1.67,2.37
20/08/2021,Player24,Player29,40,54,2440,1316,1.8,2.02,1.86,2.08
20/08/2021,Player43,Player12,1,26,4968,3655,1.4,2.96,1.45,3.05
21/08/2021,Player43,Player16,1,35,4968,2680,1.4,2.98,1.44,3.06
21/08/2021,Player7,Player55,20,36,3316,2316,1.62,2.31,1.67,2.38
21/08/2021,Player55,Player18,36,23,2316,3354,2.29,1.63,2.36,1.68
22/08/2021,Player56,Player24,14,40,3706,2440,1.41,2.94,1.45,3.02
22/08/2021,Player41,Player57,51,48,1403,1587,2.03,1.8,2.09,1.85
22/08/2021,Player23,Player53,8,2,3953,4719,2.06,1.77,2.12,1.83
23/08/2021,Player26,Player54,30,47,3202,1574,1.75,2.08,1.81,2.15
23/08/2021,Player44,Player50,22,15,3686,3906,2.08,1.76,2.14,1.81
23/08/2021,Player12,Player1,26,60,3655,994,1.31,3.49,1.35,3.6
24/08/2021,Player13,Player24,39,40,2325,2440,1.93,1.88,1.98,1.94
24/08/2021,Player2,Player27,44,4,1873,4718,2.92,1.41,3.01,1.45
24/08/2021,Player14,Player59,11,43,4174,2172,1.34,3.29,1.38,3.38
25/08/2021,Player10,Player19,31,50,2848,1479,1.6,2.36,1.64,2.43
25/08/2021,Player36,Player4,58,19,885,3295,3.33,1.33,3.43,1.37
25/08/2021,Player46,Player56,7,14,4796,3706,1.71,2.15,1.76,2.22
26/08/2021,Player40,Player26,17,30,3658,3202,1.78,2.05,1.83,2.11
26/08/2021,Player24,Player57,40,48,2440,1587,1.75,2.09,1.8,2.15
26/08/2021,Player5,Player39,21,37,3756,2389,1.65,2.26,1.7,2.32
27/08/2021,Player22,Player42,42,13,1754,3909,2.96,1.4,3.05,1.44
27/08/2021,Player20,Player13,41,39,2260,2325,2.08,1.75,2.14,1.81
27/08/2021,Player0,Player23,33,8,2577,3953,2.77,1.45,2.85,1.49
28/08/2021,Player5,Player36,21,58,3756,885,1.42,2.9,1.46,2.99
28/08/2021,Player8,Player29,59,54,901,1316,1.9,1.91,1.95,1.97
28/08/2021,Player57,Player26,48,30,1587,3202,2.57,1.51,2.65,1.56
29/08/2021,Player0,Player52,33,3,2577,4703,2.56,1.52,2.63,1.56
29/08/2021,Player12,Player41,26,51,3655,1403,1.48,2.69,1.52,2.77
29/08/2021,Player25,Player18,16,23,3895,3354,1.79,2.03,1.85,2.09
30/08/2021,Player43,Player30,1,56,4968,1065,1.3,3.59,1.33,3.69
30/08/2021,Player47,Player9,6,29,4446,3213,1.41,2.93,1.45,3.01
30/08/2021,Player34,Player51,32,27,2831,3119,1.81,2.01,1.86,2.07
31/08/2021,Player46,Player4,7,19,4796,3295,1.62,2.31,1.67,2.38
31/08/2021,Player49,Player3,10,28,4133,3305,1.64,2.28,1.69,2.34
31/08/2021,Player35,Player34,57,32,1093,2831,2.74,1.46,2.82,1.5
01/09/2021,Player24,Player25,40,16,2440,3895,2.31,1.62,2.37,1.67
01/09/2021,Player3,Player36,28,58,3305,885,1.38,3.05,1.43,3.14
01/09/2021,Player43,Player30,1,56,4968,1065,1.27,3.8,1.31,3.91
02/09/2021,Player55,Player46,36,7,2316,4796,2.77,1.45,2.85,1.49
02/09/2021,Player54,Player7,47,20,1574,3316,2.54,1.53,2.61,1.57
02/09/2021,Player3,Player37,28,52,3305,1222,1.52,2.55,1.57,2.62
03/09/2021,Player45,Player0,25,33,3083,2577,1.87,1.94,1.93,2.0
03/09/2021,Player28,Player40,18,17,3592,3658,1.9,1.91,1.95,1.97
03/09/2021,Player7,Player49,20,10,3316,4133,2.26,1.64,2.33,1.69
04/09/2021,Player13,Player1,39,60,2325,994,1.48,2.68,1.52,2.75
04/09/2021,Player41,Player19,51,50,1403,1479,2.17,1.7,2.23,1.75
04/09/2021,Player57,Player5,48,21,1587,3756,2.43,1.57,2.5,1.61
05/09/2021,Player53,Player7,2,20,4719,3316,1.67,2.21,1.72,2.28
05/09/2021,Player6,Player2,9,44,4577,1873,1.42,2.91,1.46,3.0
05/09/2021,Player35,Player6,57,9,1093,4577,3.33,1.33,3.43,1.37
06/09/2021,Player57,Player45,48,25,1587,3083,2.17,1.7,2.24,1.75
06/09/2021,Player24,Player52,40,3,2440,4703,2.81,1.44,2.9,1.48
06/09/2021,Player46,Player50,7,15,4796,3906,1.72,2.14,1.77,2.2
07/09/2021,Player15,Player57,34,48,2466,1587,1.74,2.1,1.79,2.16
07/09/2021,Player30,Player11,56,45,1065,2050,2.05,1.78,2.11,1.83
07/09/2021,Player17,Player12,49,26,1531,3655,2.5,1.54,2.58,1.58
08/09/2021,Player32,Player10,46,31,1603,2848,2.24,1.66,2.3,1.71
08/09/2021,Player12,Player51,26,27,3655,3119,1.73,2.12,1.78,2.19
08/09/2021,Player5,Player11,21,45,3756,2050,1.56,2.45,1.6,2.53
09/09/2021,Player53,Player7,2,20,4719,3316,1.65,2.26,1.7,2.32
09/09/2021,Player37,Player3,52,28,1222,3305,2.6,1.5,2.67,1.55
09/09/2021,Player48,Player39,12,37,4191,2389,1.61,2.34,1.65,2.41
10/09/2021,Player48,Player56,12,14,4191,3706,1.86,1.95,1.92,2.01
10/09/2021,Player59,Player26,43,30,2172,3202,2.32,1.61,2.39,1.66
10/09/2021,Player48,Player15,12,34,4191,2466,1.59,2.37,1.64,2.44
11/09/2021,Player45,Player35,25,57,3083,1093,1.37,3.13,1.41,3.23
11/09/2021,Player44,Player19,22,50,3686,1479,1.49,2.65,1.53,2.73
11/09/2021,Player54,Player0,47,33,1574,2577,1.98,1.84,2.03,1.89
12/09/2021,Player17,Player21,49,53,1531,1077,1.79,2.04,1.84,2.1
12/09/2021,Player53,Player43,2,1,4719,4968,1.95,1.86,2.01,1.91
12/09/2021,Player43,Player26,1,30,4968,3202,1.49,2.65,1.53,2.73
13/09/2021,Player15,Player41,34,51,2466,1403,1.63,2.29,1.68,2.36
13/09/2021,Player46,Player44,7,22,4796,3686,1.7,2.17,1.75,2.24
13/09/2021,Player15,Player32,34,46,2466,1603,1.7,2.17,1.75,2.23
14/09/2021,Player13,Player7,39,20,2325,3316,2.27,1.64,2.34,1.69
14/09/2021,Player3,Player21,28,53,3305,1077,1.49,2.64,1.53,2.72
14/09/2021,Player12,Player50,26,15,3655,3906,2.26,1.64,2.33,1.69
15/09/2021,Player55,Player27,36,4,2316,4718,2.44,1.56,2.51,1.61
15/09/2021,Player50,Player23,15,8,3906,3953,1.83,1.98,1.88,2.04
15/09/2021,Player11,Player36,45,58,2050,885,1.82,1.99,1.88,2.05
16/09/2021,Player54,Player37,47,52,1574,1222,1.79,2.04,1.84,2.1
16/09/2021,Player33,Player8,24,59,3673,901,1.41,2.95,1.45,3.04
16/09/2021,Player52,Player47,3,6,4703,4446,1.89,1.91,1.95,1.97
17/09/2021,Player5,Player41,21,51,3756,1403,1.48,2.67,1.52,2.75
17/09/2021,Player33,Player11,24,45,3673,2050,1.68,2.19,1.73,2.26
17/09/2021,Player53,Player20,2,41,4719,2260,1.41,2.94,1.45,3.03
18/09/2021,Player5,Player26,21,30,3756,3202,1.73,2.11,1.78,2.18
18/09/2021,Player28,Player34,18,32,3592,2831,1.6,2.35,1.65,2.42
18/09/2021,Player50,Player35,15,57,3906,1093,1.39,3.04,1.43,3.13
19/09/2021,Player46,Player2,7,44,4796,1873,1.37,3.1,1.41,3.2
19/09/2021,Player45,Player40,25,17,3083,3658,1.99,1.83,2.04,1.88
19/09/2021,Player59,Player47,43,6,2172,4446,3.31,1.34,3.4,1.38
20/09/2021,Player42,Player30,13,56,3909,1065,1.24,4.16,1.27,4.28
20/09/2021,Player12,Player21,26,53,3655,1077,1.54,2.49,1.59,2.56
20/09/2021,Player26,Player25,30,16,3202,3895,2.21,1.67,2.28,1.72
21/09/2021,Player38,Player29,5,54,4828,1316,1.31,3.48,1.35,3.59
21/09/2021,Player18,Player26,23,30,3354,3202,1.78,2.05,1.83,2.11
21/09/2021,Player6,Player17,9,49,4577,1531,1.38,3.07,1.42,3.16
22/09/2021,Player3,Player36,28,58,3305,885,1.58,2.4,1.63,2.47
22/09/2021,Player47,Player39,6,37,4446,2389,1.47,2.7,1.51,2.78
22/09/2021,Player46,Player16,7,35,4796,2680,1.66,2.23,1.71,2.29
23/09/2021,Player29,Player37,54,52,1316,1222,1.82,1.99,1.88,2.05
23/09/2021,Player57,Player32,48,46,1587,1603,2.0,1.82,2.06,1.87
23/09/2021,Player24,Player18,40,23,2440,3354,2.61,1.5,2.69,1.54
24/09/2021,Player43,Player1,1,60,4968,994,1.3,3.59,1.33,3.7
24/09/2021,Player44,Player47,22,6,3686,4446,2.57,1.51,2.64,1.56
24/09/2021,Player16,Player27,35,4,2680,4718,2.59,1.51,2.66,1.55
25/09/2021,Player58,Player1,38,60,2420,994,1.56,2.45,1.6,2.52
25/09/2021,Player3,Player58,28,38,3305,2420,1.77,2.06,1.82,2.12
25/09/2021,Player23,Player15,8,34,3953,2466,1.49,2.64,1.53,2.72
26/09/2021,Player44,Player28,22,18,3686,3592,1.94,1.87,2.0,1.92
26/09/2021,Player33,Player3,24,28,3673,3305,1.83,1.99,1.88,2.05
26/09/2021,Player28,Player53,18,2,3592,4719,2.34,1.6,2.41,1.65
27/09/2021,Player18,Player36,23,58,3354,885,1.46,2.73,1.51,2.81
27/09/2021,Player33,Player30,24,56,3673,1065,1.4,2.97,1.44,3.06
27/09/2021,Player7,Player11,20,45,3316,2050,1.53,2.52,1.58,2.59
28/09/2021,Player31,Player36,55,58,899,885,1.89,1.92,1.95,1.98
28/09/2021,Player12,Player13,26,39,3655,2325,1.69,2.18,1.74,2.25
28/09/2021,Player14,Player55,11,36,4174,2316,1.43,2.85,1.47,2.93
29/09/2021,Player13,Player57,39,48,2325,1587,1.72,2.14,1.77,2.2
29/09/2021,Player9,Player18,29,23,3213,3354,1.98,1.84,2.04,1.89
29/09/2021,Player3,Player5,28,21,3305,3756,2.01,1.81,2.07,1.86
30/09/2021,Player27,Player3,4,28,4718,3305,1.47,2.69,1.52,2.77
30/09/2021,Player21,Player8,53,59,1077,901,1.87,1.95,1.92,2.0
30/09/2021,Player23,Player58,8,38,3953,2420,1.56,2.44,1.61,2.51
01/10/2021,Player47,Player8,6,59,4446,901,1.24,4.11,1.28,4.24
01/10/2021,Player8,Player21,59,53,901,1077,2.17,1.7,2.23,1.75
01/10/2021,Player31,Player35,55,57,899,1093,1.91,1.9,1.97,1.95
02/10/2021,Player54,Player10,47,31,1574,2848,2.48,1.55,2.56,1.59
02/10/2021,Player28,Player40,18,17,3592,3658,1.99,1.83,2.05,1.88
02/10/2021,Player32,Player39,46,37,1603,2389,2.02,1.8,2.08,1.85
03/10/2021,Player37,Player57,52,48,1222,1587,1.99,1.82,2.05,1.88
03/10/2021,Player43,Player33,1,24,4968,3673,1.46,2.75,1.5,2.83
03/10/2021,Player58,Player11,38,45,2420,2050,1.83,1.98,1.89,2.04
04/10/2021,Player26,Player11,30,45,3202,2050,1.64,2.28,1.68,2.35
04/10/2021,Player28,Player48,18,12,3592,4191,1.8,2.03,1.85,2.09
04/10/2021,Player43,Player50,1,15,4968,3906,1.55,2.46,1.6,2.54
05/10/2021,Player58,Player33,38,24,2420,3673,2.15,1.71,2.22,1.76
05/10/2021,Player43,Player42,1,13,4968,3909,1.88,1.93,1.93,1.99
05/10/2021,Player5,Player31,21,55,3756,899,1.31,3.51,1.35,3.61
06/10/2021,Player46,Player34,7,32,4796,2831,1.42,2.87,1.47,2.96
06/10/2021,Player2,Player23,44,8,1873,3953,4.38,1.22,4.51,1.25
06/10/2021,Player7,Player40,20,17,3316,3658,2.07,1.77,2.13,1.82
07/10/2021,Player52,Player50,3,15,4703,3906,1.65,2.24,1.7,2.31
07/10/2021,Player24,Player17,40,49,2440,1531,1.68,2.19,1.73,2.26
07/10/2021,Player56,Player9,14,29,3706,3213,1.68,2.19,1.73,2.26
08/10/2021,Player18,Player50,23,15,3354,3906,2.03,1.8,2.08,1.85
08/10/2021,Player52,Player10,3,31,4703,2848,1.56,2.44,1.61,2.52
08/10/2021,Player33,Player7,24,20,3673,3316,2.06,1.77,2.12,1.82
09/10/2021,Player15,Player51,34,27,2466,3119,2.07,1.76,2.13,1.81
09/10/2021,Player44,Player35,22,57,3686,1093,1.43,2.83,1.48,2.92
09/10/2021,Player14,Player25,11,16,4174,3895,1.79,2.03,1.84,2.09
10/10/2021,Player30,Player56,56,14,1065,3706,3.13,1.37,3.22,1.41
10/10/2021,Player53,Player19,2,50,4719,1479,1.31,3.52,1.34,3.63
10/10/2021,Player2,Player29,44,54,1873,1316,1.72,2.13,1.77,2.19
11/10/2021,Player11,Player20,45,41,2050,2260,1.79,2.03,1.85,2.09
11/10/2021,Player6,Player29,9,54,4577,1316,1.37,3.1,1.42,3.19
11/10/2021,Player41,Player27,51,4,1403,4718,3.69,1.28,3.8,1.32
12/10/2021,Player42,Player1,13,60,3909,994,1.31,3.47,1.35,3.57
12/10/2021,Player13,Player0,39,33,2325,2577,2.16,1.7,2.22,1.75
12/10/2021,Player8,Player45,59,25,901,3083,2.85,1.43,2.93,1.47
13/10/2021,Player31,Player3,55,28,899,3305,2.32,1.61,2.39,1.66
13/10/2021,Player6,Player57,9,48,4577,1587,1.27,3.82,1.31,3.93
13/10/2021,Player39,Player47,37,6,2389,4446,2.73,1.46,2.81,1.51
14/10/2021,Player15,Player26,34,30,2466,3202,2.11,1.74,2.17,1.79
14/10/2021,Player40,Player12,17,26,3658,3655,1.79,2.04,1.84,2.1
14/10/2021,Player43,Player54,1,47,4968,1574,1.48,2.67,1.52,2.75
15/10/2021,Player6,Player34,9,32,4577,2831,1.49,2.63,1.54,2.71
15/10/2021,Player28,Player59,18,43,3592,2172,1.6,2.35,1.65,2.42
15/10/2021,Player33,Player11,24,45,3673,2050,1.65,2.26,1.7,2.32
16/10/2021,Player56,Player27,14,4,3706,4718,2.19,1.68,2.26,1.73
16/10/2021,Player49,Player18,10,23,4133,3354,1.6,2.36,1.64,2.43
16/10/2021,Player18,Player59,23,43,3354,2172,1.63,2.3,1.67,2.37
17/10/2021,Player28,Player41,18,51,3592,1403,1.44,2.81,1.48,2.89
17/10/2021,Player51,Player15,27,34,3119,2466,1.81,2.01,1.86,2.07
17/10/2021,Player50,Player15,15,34,3906,2466,1.59,2.37,1.64,2.44
18/10/2021,Player32,Player51,46,27,1603,3119,2.34,1.61,2.41,1.65
18/10/2021,Player23,Player40,8,17,3953,3658,1.9,1.91,1.96,1.96
18/10/2021,Player25,Player2,16,44,3895,1873,1.43,2.84,1.47,2.93
19/10/2021,Player53,Player7,2,20,4719,3316,1.63,2.3,1.67,2.37
19/10/2021,Player19,Player32,50,46,1479,1603,1.89,1.92,1.95,1.98
19/10/2021,Player55,Player26,36,30,2316,3202,2.24,1.66,2.31,1.7
20/10/2021,Player15,Player36,34,58,2466,885,1.49,2.64,1.53,2.72
20/10/2021,Player18,Player50,23,15,3354,3906,2.12,1.73,2.18,1.78
20/10/2021,Player7,Player35,20,57,3316,1093,1.31,3.52,1.34,3.63
21/10/2021,Player42,Player0,13,33,3909,2577,1.57,2.42,1.62,2.49
21/10/2021,Player18,Player41,23,51,3354,1403,1.42,2.91,1.46,2.99
21/10/2021,Player52,Player33,3,24,4703,3673,1.54,2.5,1.58,2.57
22/10/2021,Player56,Player41,14,51,3706,1403,1.39,3.03,1.43,3.12
22/10/2021,Player4,Player57,19,48,3295,1587,1.45,2.79,1.49,2.87
22/10/2021,Player29,Player5,54,21,1316,3756,2.74,1.46,2.82,1.5
23/10/2021,Player30,Player36,56,58,1065,885,1.88,1.93,1.93,1.99
23/10/2021,Player50,Player55,15,36,3906,2316,1.52,2.56,1.56,2.63
23/10/2021,Player49,Player19,10,50,4133,1479,1.37,3.11,1.41,3.2
24/10/2021,Player56,Player43,14,1,3706,4968,2.14,1.71,2.21,1.76
24/10/2021,Player56,Player54,14,47,3706,1574,1.53,2.51,1.58,2.59
24/10/2021,Player35,Player18,57,23,1093,3354,2.99,1.4,3.08,1.44
25/10/2021,Player47,Player6,6,9,4446,4577,1.73,2.11,1.78,2.18
25/10/2021,Player57,Player19,48,50,1587,1479,2.05,1.78,2.11,1.83
25/10/2021,Player33,Player48,24,12,3673,4191,2.57,1.51,2.64,1.56
26/10/2021,Player12,Player44,26,22,3655,3686,2.01,1.81,2.07,1.86
26/10/2021,Player14,Player53,11,2,4174,4719,2.16,1.7,2.23,1.75
26/10/2021,Player19,Player0,50,33,1479,2577,2.31,1.62,2.38,1.67
27/10/2021,Player18,Player59,23,43,3354,2172,1.7,2.16,1.75,2.23
27/10/2021,Player25,Player59,16,43,3895,2172,1.53,2.52,1.58,2.6
27/10/2021,Player26,Player31,30,55,3202,899,1.58,2.41,1.62,2.48
28/10/2021,Player56,Player48,14,12,3706,4191,1.9,1.91,1.96,1.97
28/10/2021,Player52,Player21,3,53,4703,1077,1.29,3.63,1.33,3.74
28/10/2021,Player46,Player40,7,17,4796,3658,1.67,2.22,1.72,2.28
29/10/2021,Player55,Player2,36,44,2316,1873,1.75,2.09,1.8,2.15
29/10/2021,Player57,Player12,48,26,1587,3655,2.84,1.43,2.93,1.47
29/10/2021,Player22,Player6,42,9,1754,4577,2.96,1.4,3.05,1.45
30/10/2021,Player17,Player49,49,10,1531,4133,2.97,1.4,3.06,1.44
30/10/2021,Player28,Player18,18,23,3592,3354,1.69,2.18,1.74,2.24
30/10/2021,Player3,Player37,28,52,3305,1222,1.47,2.7,1.51,2.78
31/10/2021,Player44,Player23,22,8,3686,3953,2.26,1.65,2.32,1.7
31/10/2021,Player42,Player51,13,27,3909,3119,1.71,2.16,1.76,2.22
31/10/2021,Player37,Player35,52,57,1222,1093,1.79,2.04,1.84,2.1
01/11/2021,Player5,Player57,21,48,3756,1587,1.42,2.91,1.46,3.0
01/11/2021,Player37,Player9,52,29,1222,3213,2.31,1.62,2.37,1.67
01/11/2021,Player17,Player24,49,40,1531,2440,1.95,1.86,2.01,1.92
02/11/2021,Player27,Player53,4,2,4718,4719,2.09,1.75,2.15,1.8
02/11/2021,Player23,Player16,8,35,3953,2680,1.58,2.39,1.63,2.46
02/11/2021,Player53,Player34,2,32,4719,2831,1.4,2.96,1.44,3.05
03/11/2021,Player56,Player47,14,6,3706,4446,2.1,1.75,2.16,1.8
03/11/2021,Player27,Player4,4,19,4718,3295,1.69,2.19,1.73,2.25
03/11/2021,Player14,Player54,11,47,4174,1574,1.35,3.26,1.38,3.36
04/11/2021,Player38,Player8,5,59,4828,901,1.22,4.3,1.26,4.43
04/11/2021,Player40,Player8,17,59,3658,901,1.33,3.32,1.37,3.42
04/11/2021,Player8,Player56,59,14,901,3706,3.69,1.28,3.8,1.32
05/11/2021,Player4,Player46,19,7,3295,4796,2.08,1.76,2.14,1.81
05/11/2021,Player23,Player46,8,7,3953,4796,2.17,1.7,2.24,1.75
05/11/2021,Player54,Player17,47,49,1574,1531,1.85,1.96,1.91,2.02
06/11/2021,Player5,Player29,21,54,3756,1316,1.41,2.95,1.45,3.04
06/11/2021,Player0,Player58,33,38,2577,2420,1.95,1.86,2.01,1.91
06/11/2021,Player59,Player29,43,54,2172,1316,1.89,1.92,1.95,1.97
07/11/2021,Player5,Player10,21,31,3756,2848,1.7,2.17,1.75,2.24
07/11/2021,Player16,Player8,35,59,2680,901,1.7,2.16,1.75,2.22
07/11/2021,Player39,Player26,37,30,2389,3202,1.97,1.84,2.03,1.89
08/11/2021,Player56,Player37,14,52,3706,1222,1.49,2.65,1.53,2.73
08/11/2021,Player54,Player50,47,15,1574,3906,2.44,1.56,2.51,1.61
08/11/2021,Player7,Player28,20,18,3316,3592,2.25,1.65,2.31,1.7
09/11/2021,Player56,Player57,14,48,3706,1587,1.42,2.89,1.46,2.98
09/11/2021,Player20,Player0,41,33,2260,2577,2.23,1.66,2.3,1.71
09/11/2021,Player6,Player14,9,11,4577,4174,1.85,1.96,1.91,2.02
10/11/2021,Player14,Player30,11,56,4174,1065,1.39,3.01,1.43,3.1
10/11/2021,Player40,Player42,17,13,3658,3909,2.14,1.71,2.21,1.76
10/11/2021,Player7,Player58,20,38,3316,2420,1.53,2.53,1.57,2.61
11/11/2021,Player34,Player13,32,39,2831,2325,1.7,2.17,1.75,2.23
11/11/2021,Player29,Player57,54,48,1316,1587,2.16,1.7,2.23,1.75
11/11/2021,Player44,Player28,22,18,3686,3592,1.93,1.88,1.99,1.93
12/11/2021,Player25,Player0,16,33,3895,2577,1.78,2.05,1.83,2.11
12/11/2021,Player12,Player59,26,43,3655,2172,1.7,2.17,1.75,2.24
12/11/2021,Player38,Player32,5,46,4828,1603,1.38,3.08,1.42,3.17
13/11/2021,Player20,Player22,41,42,2260,1754,1.92,1.89,1.97,1.95
13/11/2021,Player21,Player45,53,25,1077,3083,2.92,1.41,3.0,1.46
13/11/2021,Player52,Player21,3,53,4703,1077,1.35,3.26,1.39,3.35
14/11/2021,Player58,Player5,38,21,2420,3756,2.31,1.62,2.37,1.67
14/11/2021,Player50,Player35,15,57,3906,1093,1.36,3.19,1.4,3.28
14/11/2021,Player31,Player34,55,32,899,2831,2.36,1.6,2.43,1.64
15/11/2021,Player38,Player48,5,12,4828,4191,1.75,2.09,1.8,2.15
15/11/2021,Player25,Player20,16,41,3895,2260,1.65,2.26,1.7,2.32
15/11/2021,Player52,Player25,3,16,4703,3895,1.61,2.33,1.66,2.4
16/11/2021,Player1,Player36,60,58,994,885,2.07,1.76,2.13,1.82
16/11/2021,Player13,Player15,39,34,2325,2466,1.9,1.91,1.95,1.97
16/11/2021,Player10,Player25,31,16,2848,3895,2.36,1.6,2.42,1.65
17/11/2021,Player17,Player45,49,25,1531,3083,2.61,1.5,2.69,1.54
17/11/2021,Player7,Player39,20,37,3316,2389,1.7,2.17,1.75,2.24
17/11/2021,Player2,Player20,44,41,1873,2260,1.88,1.93,1.93,1.99
18/11/2021,Player57,Player50,48,15,1587,3906,2.47,1.55,2.54,1.6
18/11/2021,Player58,Player36,38,58,2420,885,1.48,2.66,1.53,2.74
18/11/2021,Player28,Player24,18,40,3592,2440,1.54,2.49,1.59,2.56
19/11/2021,Player38,Player25,5,16,4828,3895,1.86,1.95,1.91,2.01
19/11/2021,Player44,Player36,22,58,3686,885,1.37,3.14,1.41,3.23
19/11/2021,Player40,Player27,17,4,3658,4718,2.1,1.74,2.16,1.8
20/11/2021,Player38,Player30,5,56,4828,1065,1.38,3.05,1.42,3.14
20/11/2021,Player30,Player34,56,32,1065,2831,2.41,1.57,2.48,1.62
20/11/2021,Player44,Player31,22,55,3686,899,1.5,2.62,1.54,2.7
21/11/2021,Player6,Player4,9,19,4577,3295,1.74,2.11,1.79,2.17
21/11/2021,Player37,Player59,52,43,1222,2172,2.15,1.71,2.22,1.76
21/11/2021,Player49,Player38,10,5,4133,4828,2.1,1.74,2.17,1.79
22/11/2021,Player58,Player59,38,43,2420,2172,1.85,1.96,1.9,2.02
22/11/2021,Player0,Player21,33,53,2577,1077,1.52,2.54,1.57,2.62
22/11/2021,Player22,Player31,42,55,1754,899,1.63,2.3,1.67,2.36
23/11/2021,Player25,Player34,16,32,3895,2831,1.58,2.39,1.63,2.46
23/11/2021,Player27,Player6,4,9,4718,4577,1.74,2.1,1.79,2.16
23/11/2021,Player41,Player5,51,21,1403,3756,2.65,1.49,2.73,1.53
24/11/2021,Player11,Player13,45,39,2050,2325,1.82,2.0,1.87,2.06
24/11/2021,Player26,Player39,30,37,3202,2389,1.83,1.99,1.88,2.04
24/11/2021,Player26,Player44,30,22,3202,3686,1.94,1.87,1.99,1.93
25/11/2021,Player21,Player5,53,21,1077,3756,3.04,1.39,3.13,1.43
25/11/2021,Player19,Player6,50,9,1479,4577,3.02,1.39,3.11,1.43
25/11/2021,Player7,Player44,20,22,3316,3686,1.69,2.18,1.74,2.24
26/11/2021,Player32,Player23,46,8,1603,3953,2.72,1.47,2.8,1.51
26/11/2021,Player24,Player20,40,41,2440,2260,1.89,1.91,1.95,1.97
26/11/2021,Player25,Player57,16,48,3895,1587,1.49,2.63,1.54,2.71
27/11/2021,Player34,Player59,32,43,2831,2172,1.75,2.09,1.8,2.15
27/11/2021,Player45,Player37,25,52,3083,1222,1.51,2.57,1.56,2.65
27/11/2021,Player48,Player37,12,52,4191,1222,1.39,3.03,1.43,3.12
28/11/2021,Player38,Player8,5,59,4828,901,1.28,3.7,1.32,3.81
28/11/2021,Player27,Player2,4,44,4718,1873,1.47,2.71,1.51,2.79
28/11/2021,Player26,Player8,30,59,3202,901,1.45,2.79,1.49,2.87
29/11/2021,Player20,Player17,41,49,2260,1531,1.7,2.16,1.75,2.22
29/11/2021,Player4,Player43,19,1,3295,4968,2.5,1.54,2.57,1.58
29/11/2021,Player45,Player27,25,4,3083,4718,2.62,1.5,2.7,1.54
30/11/2021,Player43,Player0,1,33,4968,2577,1.53,2.51,1.58,2.59
30/11/2021,Player34,Player4,32,19,2831,3295,1.91,1.9,1.97,1.95
30/11/2021,Player0,Player23,33,8,2577,3953,2.39,1.59,2.46,1.63
01/12/2021,Player28,Player26,18,30,3592,3202,1.72,2.14,1.77,2.2
01/12/2021,Player2,Player32,44,46,1873,1603,2.09,1.75,2.15,1.8
01/12/2021,Player0,Player47,33,6,2577,4446,2.64,1.49,2.72,1.53
02/12/2021,Player10,Player11,31,45,2848,2050,1.59,2.38,1.63,2.45
02/12/2021,Player7,Player21,20,53,3316,1077,1.44,2.83,1.48,2.91
02/12/2021,Player22,Player17,42,49,1754,1531,1.94,1.87,1.99,1.93
03/12/2021,Player22,Player0,42,33,1754,2577,1.97,1.85,2.03,1.9
03/12/2021,Player37,Player23,52,8,1222,3953,2.93,1.41,3.01,1.45
03/12/2021,Player55,Player44,36,22,2316,3686,2.29,1.63,2.36,1.68
04/12/2021,Player8,Player33,59,24,901,3673,2.39,1.58,2.46,1.63
04/12/2021,Player54,Player22,47,42,1574,1754,1.94,1.87,2.0,1.92
04/12/2021,Player35,Player26,57,30,1093,3202,2.31,1.62,2.38,1.67
05/12/2021,Player52,Player48,3,12,4703,4191,1.75,2.09,1.8,2.16
05/12/2021,Player25,Player28,16,18,3895,3592,2.06,1.77,2.12,1.82
05/12/2021,Player43,Player15,1,34,4968,2466,1.56,2.45,1.6,2.52
06/12/2021,Player20,Player1,41,60,2260,994,1.68,2.19,1.73,2.26
06/12/2021,Player39,Player16,37,35,2389,2680,1.85,1.96,1.91,2.02
06/12/2021,Player17,Player49,49,10,1531,4133,2.62,1.5,2.7,1.54
07/12/2021,Player21,Player6,53,9,1077,4577,3.38,1.33,3.48,1.36
07/12/2021,Player16,Player33,35,24,2680,3673,2.24,1.66,2.3,1.71
07/12/2021,Player35,Player37,57,52,1093,1222,1.96,1.85,2.02,1.91
08/12/2021,Player5,Player2,21,44,3756,1873,1.6,2.35,1.65,2.42
08/12/2021,Player0,Player1,33,60,2577,994,1.51,2.58,1.55,2.65
08/12/2021,Player10,Player21,31,53,2848,1077,1.54,2.5,1.58,2.58
09/12/2021,Player40,Player41,17,51,3658,1403,1.47,2.71,1.51,2.79
09/12/2021,Player23,Player28,8,18,3953,3592,1.7,2.16,1.75,2.23
09/12/2021,Player38,Player19,5,50,4828,1479,1.39,3.02,1.43,3.11
10/12/2021,Player46,Player16,7,35,4796,2680,1.54,2.49,1.59,2.57
10/12/2021,Player55,Player58,36,38,2316,2420,1.97,1.84,2.03,1.9
10/12/2021,Player0,Player18,33,23,2577,3354,2.15,1.71,2.21,1.76
11/12/2021,Player8,Player13,59,39,901,2325,2.33,1.61,2.4,1.66
11/12/2021,Player44,Player32,22,46,3686,1603,1.54,2.49,1.59,2.56
11/12/2021,Player49,Player7,10,20,4133,3316,1.65,2.25,1.7,2.32
12/12/2021,Player47,Player27,6,4,4446,4718,1.97,1.84,2.03,1.9
12/12/2021,Player9,Player23,29,8,3213,3953,2.34,1.6,2.41,1.65
12/12/2021,Player3,Player43,28,1,3305,4968,2.54,1.52,2.61,1.57
13/12/2021,Player28,Player23,18,8,3592,3953,2.11,1.74,2.17,1.79
13/12/2021,Player42,Player1,13,60,3909,994,1.36,3.2,1.4,3.29
13/12/2021,Player12,Player36,26,58,3655,885,1.47,2.7,1.51,2.78
14/12/2021,Player14,Player35,11,57,4174,1093,1.4,2.99,1.44,3.08
14/12/2021,Player13,Player58,39,38,2325,2420,1.92,1.89,1.97,1.95
14/12/2021,Player1,Player8,60,59,994,901,1.82,2.0,1.87,2.06
15/12/2021,Player27,Player5,4,21,4718,3756,1.8,2.02,1.85,2.08
15/12/2021,Player50,Player13,15,39,3906,2325,1.59,2.37,1.64,2.44
15/12/2021,Player18,Player33,23,24,3354,3673,1.87,1.94,1.93,1.99
16/12/2021,Player50,Player0,15,33,3906,2577,1.45,2.78,1.49,2.87
16/12/2021,Player4,Player57,19,48,3295,1587,1.46,2.73,1.5,2.82
16/12/2021,Player59,Player20,43,41,2172,2260,2.16,1.7,2.22,1.75
17/12/2021,Player58,Player19,38,50,2420,1479,1.65,2.25,1.7,2.32
17/12/2021,Player37,Player35,52,57,1222,1093,1.8,2.02,1.85,2.08
17/12/2021,Player40,Player29,17,54,3658,1316,1.42,2.9,1.46,2.99
18/12/2021,Player43,Player4,1,19,4968,3295,1.68,2.21,1.73,2.27
18/12/2021,Player58,Player57,38,48,2420,1587,1.9,1.91,1.95,1.97
18/12/2021,Player52,Player1,3,60,4703,994,1.29,3.66,1.32,3.77
19/12/2021,Player44,Player40,22,17,3686,3658,2.02,1.8,2.08,1.85
19/12/2021,Player16,Player19,35,50,2680,1479,1.74,2.1,1.79,2.17
19/12/2021,Player39,Player49,37,10,2389,4133,2.52,1.53,2.59,1.58
20/12/2021,Player38,Player4,5,19,4828,3295,1.68,2.2,1.73,2.27
20/12/2021,Player24,Player30,40,56,2440,1065,1.69,2.19,1.74,2.25
20/12/2021,Player4,Player48,19,12,3295,4191,2.13,1.72,2.19,1.77
21/12/2021,Player40,Player5,17,21,3658,3756,1.86,1.95,1.91,2.01
21/12/2021,Player48,Player29,12,54,4191,1316,1.29,3.63,1.33,3.74
21/12/2021,Player56,Player52,14,3,3706,4703,2.1,1.74,2.16,1.79
22/12/2021,Player2,Player30,44,56,1873,1065,1.72,2.13,1.77,2.2
22/12/2021,Player56,Player5,14,21,3706,3756,1.71,2.15,1.76,2.21
22/12/2021,Player54,Player57,47,48,1574,1587,1.74,2.1,1.79,2.16
23/12/2021,Player9,Player50,29,15,3213,3906,2.3,1.63,2.36,1.68
23/12/2021,Player9,Player38,29,5,3213,4828,2.63,1.49,2.71,1.54
23/12/2021,Player27,Player25,4,16,4718,3895,1.74,2.1,1.79,2.17
24/12/2021,Player3,Player57,28,48,3305,1587,1.54,2.49,1.59,2.57
24/12/2021,Player29,Player19,54,50,1316,1479,2.05,1.78,2.11,1.83
24/12/2021,Player9,Player50,29,15,3213,3906,2.45,1.56,2.52,1.6
25/12/2021,Player7,Player48,20,12,3316,4191,1.96,1.85,2.02,1.9
25/12/2021,Player45,Player16,25,35,3083,2680,1.74,2.1,1.79,2.17
25/12/2021,Player53,Player51,2,27,4719,3119,1.48,2.67,1.53,2.74
26/12/2021,Player48,Player59,12,43,4191,2172,1.45,2.79,1.49,2.87
26/12/2021,Player36,Player25,58,16,885,3895,2.74,1.46,2.82,1.5
26/12/2021,Player15,Player31,34,55,2466,899,1.48,2.67,1.52,2.75
27/12/2021,Player22,Player13,42,39,1754,2325,1.76,2.08,1.81,2.14
27/12/2021,Player43,Player29,1,54,4968,1316,1.26,3.89,1.3,4.0
27/12/2021,Player56,Player28,14,18,3706,3592,1.96,1.85,2.02,1.91
28/12/2021,Player25,Player4,16,19,3895,3295,1.75,2.09,1.8,2.15
28/12/2021,Player28,Player27,18,4,3592,4718,2.07,1.77,2.13,1.82
28/12/2021,Player21,Player43,53,1,1077,4968,3.62,1.29,3.73,1.33
29/12/2021,Player7,Player11,20,45,3316,2050,1.42,2.89,1.46,2.97
29/12/2021,Player58,Player3,38,28,2420,3305,2.12,1.73,2.18,1.78
29/12/2021,Player53,Player6,2,9,4719,4577,1.9,1.91,1.96,1.96
30/12/2021,Player49,Player3,10,28,4133,3305,1.56,2.45,1.6,2.52
30/12/2021,Player16,Player45,35,25,2680,3083,2.22,1.67,2.28,1.72
30/12/2021,Player53,Player48,2,12,4719,4191,1.76,2.08,1.81,2.14
31/12/2021,Player47,Player25,6,16,4446,3895,1.6,2.35,1.65,2.42
31/12/2021,Player19,Player53,50,2,1479,4719,3.49,1.31,3.6,1.35
31/12/2021,Player11,Player7,45,20,2050,3316,2.63,1.49,2.71,1.54
01/01/2022,Player48,Player49,12,10,4191,4133,1.7,2.16,1.75,2.23
01/01/2022,Player28,Player22,18,42,3592,1754,1.54,2.5,1.58,2.58
01/01/2022,Player32,Player41,46,51,1603,1403,1.66,2.23,1.71,2.3
02/01/2022,Player5,Player7,21,20,3756,3316,2.22,1.67,2.29,1.71
02/01/2022,Player19,Player23,50,8,1479,3953,3.63,1.29,3.74,1.33
02/01/2022,Player41,Player1,51,60,1403,994,1.77,2.06,1.82,2.13
03/01/2022,Player22,Player31,42,55,1754,899,1.62,2.3,1.67,2.37
03/01/2022,Player50,Player21,15,53,3906,1077,1.36,3.16,1.4,3.25
03/01/2022,Player20,Player11,41,45,2260,2050,1.78,2.05,1.83,2.11
04/01/2022,Player50,Player51,15,27,3906,3119,1.5,2.59,1.55,2.67
04/01/2022,Player58,Player4,38,19,2420,3295,2.34,1.61,2.41,1.65
04/01/2022,Player12,Player51,26,27,3655,3119,2.0,1.82,2.06,1.87
05/01/2022,Player5,Player18,21,23,3756,3354,2.02,1.81,2.08,1.86
05/01/2022,Player55,Player15,36,34,2316,2466,1.98,1.84,2.04,1.89
05/01/2022,Player21,Player26,53,30,1077,3202,2.52,1.53,2.59,1.58
06/01/2022,Player49,Player54,10,47,4133,1574,1.4,2.97,1.44,3.06
06/01/2022,Player43,Player40,1,17,4968,3658,1.7,2.16,1.75,2.22
06/01/2022,Player42,Player25,13,16,3909,3895,1.85,1.96,1.9,2.02
07/01/2022,Player45,Player26,25,30,3083,3202,1.96,1.85,2.02,1.91
07/01/2022,Player29,Player24,54,40,1316,2440,2.2,1.68,2.27,1.73
07/01/2022,Player40,Player48,17,12,3658,4191,2.17,1.7,2.23,1.75
08/01/2022,Player55,Player5,36,21,2316,3756,2.17,1.7,2.23,1.75
08/01/2022,Player49,Player57,10,48,4133,1587,1.36,3.2,1.4,3.29
08/01/2022,Player46,Player36,7,58,4796,885,1.3,3.59,1.33,3.69
09/01/2022,Player2,Player59,44,43,1873,2172,1.8,2.02,1.86,2.08
09/01/2022,Player15,Player50,34,15,2466,3906,2.37,1.59,2.44,1.64
09/01/2022,Player12,Player44,26,22,3655,3686,1.97,1.85,2.02,1.9
10/01/2022,Player0,Player8,33,59,2577,901,1.68,2.19,1.73,2.26
10/01/2022,Player5,Player13,21,39,3756,2325,1.8,2.03,1.85,2.08
10/01/2022,Player33,Player46,24,7,3673,4796,2.55,1.52,2.62,1.57
11/01/2022,Player51,Player24,27,40,3119,2440,1.73,2.12,1.78,2.18
11/01/2022,Player16,Player17,35,49,2680,1531,1.66,2.24,1.71,2.3
11/01/2022,Player27,Player57,4,48,4718,1587,1.38,3.06,1.42,3.15
12/01/2022,Player45,Player57,25,48,3083,1587,1.46,2.73,1.5,2.81
12/01/2022,Player35,Player19,57,50,1093,1479,2.05,1.78,2.11,1.83
12/01/2022,Player32,Player43,46,1,1603,4968,3.37,1.33,3.46,1.37
13/01/2022,Player55,Player28,36,18,2316,3592,2.22,1.67,2.29,1.71
13/01/2022,Player12,Player33,26,24,3655,3673,2.15,1.71,2.22,1.76
13/01/2022,Player22,Player39,42,37,1754,2389,2.09,1.75,2.15,1.8
14/01/2022,Player48,Player54,12,47,4191,1574,1.41,2.96,1.45,3.04
14/01/2022,Player52,Player18,3,23,4703,3354,1.41,2.92,1.45,3.01
14/01/2022,Player48,Player11,12,45,4191,2050,1.53,2.53,1.57,2.61
15/01/2022,Player41,Player20,51,41,1403,2260,1.91,1.9,1.96,1.96
15/01/2022,Player5,Player24,21,40,3756,2440,1.6,2.36,1.64,2.43
15/01/2022,Player40,Player7,17,20,3658,3316,1.72,2.13,1.77,2.19
16/01/2022,Player28,Player16,18,35,3592,2680,1.67,2.22,1.72,2.29
16/01/2022,Player24,Player41,40,51,2440,1403,1.7,2.16,1.75,2.22
16/01/2022,Player45,Player44,25,22,3083,3686,2.21,1.68,2.27,1.72
17/01/2022,Player57,Player4,48,19,1587,3295,2.65,1.49,2.73,1.53
17/01/2022,Player52,Player4,3,19,4703,3295,1.67,2.22,1.71,2.29
17/01/2022,Player28,Player47,18,6,3592,4446,2.26,1.64,2.33,1.69
18/01/2022,Player33,Player3,24,28,3673,3305,1.84,1.98,1.89,2.03
18/01/2022,Player17,Player13,49,39,1531,2325,2.05,1.78,2.11,1.83
18/01/2022,Player23,Player8,8,59,3953,901,1.35,3.22,1.39,3.31
19/01/2022,Player58,Player46,38,7,2420,4796,2.81,1.44,2.89,1.48
19/01/2022,Player41,Player58,51,38,1403,2420,2.24,1.66,2.3,1.71
19/01/2022,Player28,Player30,18,56,3592,1065,1.36,3.17,1.4,3.26
20/01/2022,Player45,Player47,25,6,3083,4446,2.17,1.7,2.24,1.75
20/01/2022,Player11,Player36,45,58,2050,885,1.62,2.32,1.67,2.38
20/01/2022,Player52,Player12,3,26,4703,3655,1.39,3.03,1.43,3.12
21/01/2022,Player7,Player25,20,16,3316,3895,1.94,1.87,1.99,1.93
21/01/2022,Player38,Player8,5,59,4828,901,1.23,4.23,1.27,4.35
21/01/2022,Player26,Player6,30,9,3202,4577,2.05,1.78,2.11,1.83
22/01/2022,Player30,Player58,56,38,1065,2420,2.13,1.72,2.2,1.77
22/01/2022,Player7,Player30,20,56,3316,1065,1.37,3.13,1.41,3.22
22/01/2022,Player57,Player6,48,9,1587,4577,2.74,1.46,2.83,1.5
23/01/2022,Player11,Player43,45,1,2050,4968,3.05,1.38,3.14,1.43
23/01/2022,Player58,Player5,38,21,2420,3756,2.16,1.7,2.23,1.75
23/01/2022,Player20,Player17,41,49,2260,1531,1.8,2.02,1.85,2.08
24/01/2022,Player14,Player16,11,35,4174,2680,1.6,2.35,1.65,2.42
24/01/2022,Player13,Player5,39,21,2325,3756,2.55,1.52,2.63,1.56
24/01/2022,Player16,Player7,35,20,2680,3316,2.14,1.72,2.2,1.77
25/01/2022,Player48,Player22,12,42,4191,1754,1.52,2.55,1.56,2.63
25/01/2022,Player55,Player59,36,43,2316,2172,1.86,1.96,1.91,2.01
25/01/2022,Player47,Player54,6,47,4446,1574,1.35,3.22,1.39,3.31
26/01/2022,Player16,Player58,35,38,2680,2420,1.81,2.01,1.86,2.07
26/01/2022,Player41,Player8,51,59,1403,901,1.8,2.02,1.86,2.08
26/01/2022,Player5,Player16,21,35,3756,2680,1.74,2.1,1.8,2.16
27/01/2022,Player56,Player6,14,9,3706,4577,2.11,1.73,2.18,1.78
27/01/2022,Player14,Player53,11,2,4174,4719,2.21,1.67,2.27,1.72
27/01/2022,Player54,Player34,47,32,1574,2831,2.32,1.61,2.39,1.66
28/01/2022,Player5,Player50,21,15,3756,3906,1.96,1.85,2.02,1.9
28/01/2022,Player37,Player54,52,47,1222,1574,2.07,1.76,2.13,1.82
28/01/2022,Player53,Player27,2,4,4719,4718,1.9,1.91,1.96,1.96
29/01/2022,Player49,Player24,10,40,4133,2440,1.51,2.57,1.56,2.64
29/01/2022,Player53,Player40,2,17,4719,3658,1.59,2.37,1.64,2.44
29/01/2022,Player18,Player42,23,13,3354,3909,2.13,1.72,2.19,1.77
30/01/2022,Player2,Player18,44,23,1873,3354,2.23,1.66,2.3,1.71
30/01/2022,Player9,Player2,29,44,3213,1873,1.68,2.2,1.73,2.26
30/01/2022,Player54,Player35,47,57,1574,1093,1.66,2.23,1.71,2.3
31/01/2022,Player50,Player32,15,46,3906,1603,1.48,2.67,1.52,2.75
31/01/2022,Player47,Player57,6,48,4446,1587,1.4,2.98,1.44,3.07
31/01/2022,Player5,Player0,21,33,3756,2577,1.65,2.25,1.7,2.32
01/02/2022,Player56,Player3,14,28,3706,3305,1.62,2.31,1.67,2.37
01/02/2022,Player55,Player3,36,28,2316,3305,1.92,1.89,1.98,1.94
01/02/2022,Player4,Player21,19,53,3295,1077,1.43,2.86,1.47,2.95
02/02/2022,Player12,Player54,26,47,3655,1574,1.53,2.53,1.57,2.61
02/02/2022,Player3,Player54,28,47,3305,1574,1.68,2.2,1.73,2.26
02/02/2022,Player57,Player42,48,13,1587,3909,3.26,1.35,3.36,1.38
03/02/2022,Player29,Player32,54,46,1316,1603,2.22,1.67,2.28,1.72
03/02/2022,Player38,Player29,5,54,4828,1316,1.26,3.91,1.3,4.02
03/02/2022,Player8,Player16,59,35,901,2680,2.48,1.54,2.56,1.59
04/02/2022,Player51,Player20,27,41,3119,2260,1.63,2.29,1.68,2.35
04/02/2022,Player40,Player38,17,5,3658,4828,2.19,1.69,2.25,1.74
04/02/2022,Player23,Player3,8,28,3953,3305,1.6,2.35,1.65,2.42
05/02/2022,Player7,Player30,20,56,3316,1065,1.45,2.76,1.5,2.84
05/02/2022,Player15,Player31,34,55,2466,899,1.62,2.32,1.67,2.38
05/02/2022,Player56,Player0,14,33,3706,2577,1.54,2.49,1.59,2.56
06/02/2022,Player47,Player28,6,18,4446,3592,1.52,2.54,1.57,2.62
06/02/2022,Player25,Player54,16,47,3895,1574,1.57,2.43,1.61,2.5
06/02/2022,Player27,Player51,4,27,4718,3119,1.55,2.46,1.6,2.54
07/02/2022,Player44,Player53,22,2,3686,4719,2.38,1.59,2.45,1.63
07/02/2022,Player25,Player24,16,40,3895,2440,1.62,2.32,1.66,2.39
07/02/2022,Player14,Player1,11,60,4174,994,1.34,3.3,1.38,3.4
08/02/2022,Player26,Player29,30,54,3202,1316,1.55,2.47,1.59,2.55
08/02/2022,Player55,Player12,36,26,2316,3655,1.9,1.91,1.95,1.97
08/02/2022,Player5,Player29,21,54,3756,1316,1.44,2.8,1.48,2.89
09/02/2022,Player39,Player48,37,12,2389,4191,2.66,1.48,2.74,1.53
09/02/2022,Player9,Player21,29,53,3213,1077,1.54,2.5,1.58,2.58
09/02/2022,Player50,Player1,15,60,3906,994,1.31,3.48,1.35,3.58
10/02/2022,Player17,Player35,49,57,1531,1093,1.75,2.09,1.8,2.15
10/02/2022,Player53,Player47,2,6,4719,4446,1.91,1.9,1.97,1.95
10/02/2022,Player45,Player58,25,38,3083,2420,1.77,2.06,1.83,2.12
11/02/2022,Player56,Player32,14,46,3706,1603,1.51,2.57,1.56,2.64
11/02/2022,Player7,Player47,20,6,3316,4446,2.4,1.58,2.47,1.63
11/02/2022,Player19,Player4,50,19,1479,3295,2.67,1.48,2.75,1.52
12/02/2022,Player17,Player58,49,38,1531,2420,1.95,1.86,2.01,1.91
12/02/2022,Player3,Player48,28,12,3305,4191,2.41,1.58,2.48,1.62
12/02/2022,Player4,Player21,19,53,3295,1077,1.51,2.59,1.55,2.66
13/02/2022,Player48,Player54,12,47,4191,1574,1.44,2.83,1.48,2.91
13/02/2022,Player41,Player25,51,16,1403,3895,3.2,1.36,3.3,1.4
13/02/2022,Player34,Player48,32,12,2831,4191,2.51,1.53,2.58,1.58
14/02/2022,Player25,Player37,16,52,3895,1222,1.44,2.82,1.48,2.91
14/02/2022,Player29,Player11,54,45,1316,2050,1.98,1.84,2.03,1.89
14/02/2022,Player46,Player36,7,58,4796,885,1.28,3.68,1.32,3.79
15/02/2022,Player6,Player19,9,50,4577,1479,1.41,2.95,1.45,3.03
15/02/2022,Player47,Player31,6,55,4446,899,1.26,3.92,1.3,4.03
15/02/2022,Player14,Player27,11,4,4174,4718,2.13,1.72,2.19,1.77
16/02/2022,Player53,Player30,2,56,4719,1065,1.23,4.27,1.26,4.4
16/02/2022,Player51,Player3,27,28,3119,3305,2.13,1.72,2.19,1.77
16/02/2022,Player49,Player57,10,48,4133,1587,1.49,2.65,1.53,2.73
17/02/2022,Player12,Player47,26,6,3655,4446,2.67,1.48,2.75,1.52
17/02/2022,Player23,Player14,8,11,3953,4174,1.68,2.21,1.72,2.27
17/02/2022,Player43,Player56,1,14,4968,3706,1.82,2.0,1.88,2.05
18/02/2022,Player51,Player30,27,56,3119,1065,1.54,2.48,1.59,2.56
18/02/2022,Player48,Player18,12,23,4191,3354,1.65,2.25,1.7,2.32
18/02/2022,Player52,Player12,3,26,4703,3655,1.62,2.3,1.67,2.37
19/02/2022,Player40,Player10,17,31,3658,2848,1.8,2.03,1.85,2.08
19/02/2022,Player15,Player45,34,25,2466,3083,2.24,1.66,2.31,1.71
19/02/2022,Player33,Player39,24,37,3673,2389,1.85,1.96,1.91,2.02
20/02/2022,Player1,Player4,60,19,994,3295,3.12,1.37,3.21,1.41
20/02/2022,Player23,Player37,8,52,3953,1222,1.39,3.03,1.43,3.12
20/02/2022,Player18,Player22,23,42,3354,1754,1.6,2.36,1.65,2.43
21/02/2022,Player53,Player43,2,1,4719,4968,1.88,1.93,1.93,1.99
21/02/2022,Player29,Player3,54,28,1316,3305,2.42,1.57,2.49,1.62
21/02/2022,Player5,Player25,21,16,3756,3895,2.05,1.78,2.11,1.83
22/02/2022,Player8,Player56,59,14,901,3706,3.76,1.28,3.87,1.31
22/02/2022,Player33,Player53,24,2,3673,4719,2.44,1.56,2.51,1.61
22/02/2022,Player11,Player10,45,31,2050,2848,2.35,1.6,2.42,1.65
23/02/2022,Player16,Player6,35,9,2680,4577,2.67,1.48,2.75,1.52
23/02/2022,Player54,Player50,47,15,1574,3906,2.75,1.46,2.83,1.5
23/02/2022,Player1,Player33,60,24,994,3673,3.0,1.39,3.09,1.44
24/02/2022,Player19,Player25,50,16,1479,3895,3.35,1.33,3.45,1.37
24/02/2022,Player14,Player13,11,39,4174,2325,1.5,2.61,1.54,2.69
24/02/2022,Player53,Player3,2,28,4719,3305,1.61,2.33,1.66,2.4
25/02/2022,Player39,Player58,37,38,2389,2420,1.97,1.85,2.03,1.9
25/02/2022,Player40,Player20,17,41,3658,2260,1.54,2.49,1.59,2.57
25/02/2022,Player37,Player28,52,18,1222,3592,2.63,1.49,2.7,1.54
26/02/2022,Player55,Player35,36,57,2316,1093,1.63,2.3,1.67,2.37
26/02/2022,Player53,Player31,2,55,4719,899,1.24,4.07,1.28,4.19
26/02/2022,Player47,Player17,6,49,4446,1531,1.34,3.32,1.38,3.41
27/02/2022,Player35,Player10,57,31,1093,2848,2.47,1.55,2.54,1.6
27/02/2022,Player6,Player51,9,27,4577,3119,1.8,2.02,1.86,2.08
27/02/2022,Player34,Player24,32,40,2831,2440,1.71,2.15,1.76,2.21
28/02/2022,Player12,Player56,26,14,3655,3706,2.34,1.61,2.41,1.65
28/02/2022,Player33,Player42,24,13,3673,3909,2.14,1.71,2.21,1.76
28/02/2022,Player32,Player8,46,59,1603,901,1.7,2.16,1.75,2.23
01/03/2022,Player49,Player24,10,40,4133,2440,1.45,2.79,1.49,2.87
01/03/2022,Player22,Player35,42,57,1754,1093,1.77,2.06,1.82,2.12
01/03/2022,Player58,Player7,38,20,2420,3316,2.34,1.61,2.4,1.66
02/03/2022,Player54,Player29,47,54,1574,1316,1.89,1.92,1.94,1.98
02/03/2022,Player51,Player28,27,18,3119,3592,1.91,1.9,1.97,1.95
02/03/2022,Player52,Player48,3,12,4703,4191,1.84,1.98,1.89,2.04
03/03/2022,Player49,Player23,10,8,4133,3953,1.95,1.87,2.0,1.92
03/03/2022,Player1,Player4,60,19,994,3295,3.64,1.29,3.75,1.33
03/03/2022,Player37,Player59,52,43,1222,2172,2.14,1.71,2.21,1.76
04/03/2022,Player1,Player51,60,27,994,3119,2.84,1.43,2.92,1.48
04/03/2022,Player27,Player59,4,43,4718,2172,1.41,2.94,1.45,3.02
04/03/2022,Player45,Player0,25,33,3083,2577,1.76,2.07,1.82,2.13
05/03/2022,Player51,Player22,27,42,3119,1754,1.58,2.41,1.62,2.48
05/03/2022,Player21,Player40,53,17,1077,3658,3.49,1.31,3.59,1.35
05/03/2022,Player51,Player45,27,25,3119,3083,1.87,1.94,1.93,1.99
06/03/2022,Player23,Player17,8,49,3953,1531,1.44,2.81,1.48,2.89
06/03/2022,Player16,Player13,35,39,2680,2325,1.76,2.08,1.81,2.14
06/03/2022,Player16,Player12,35,26,2680,3655,2.13,1.72,2.2,1.77
07/03/2022,Player7,Player31,20,55,3316,899,1.38,3.06,1.42,3.15
07/03/2022,Player54,Player5,47,21,1574,3756,2.54,1.52,2.61,1.57
07/03/2022,Player40,Player39,17,37,3658,2389,1.68,2.2,1.73,2.26
08/03/2022,Player57,Player46,48,7,1587,4796,3.43,1.32,3.53,1.36
08/03/2022,Player59,Player55,43,36,2172,2316,1.9,1.91,1.96,1.96
08/03/2022,Player47,Player8,6,59,4446,901,1.24,4.15,1.27,4.27
09/03/2022,Player32,Player49,46,10,1603,4133,2.79,1.45,2.87,1.49
09/03/2022,Player39,Player58,37,38,2389,2420,2.06,1.77,2.12,1.82
09/03/2022,Player17,Player25,49,16,1531,3895,2.85,1.43,2.93,1.47
10/03/2022,Player53,Player32,2,46,4719,1603,1.45,2.77,1.5,2.85
10/03/2022,Player17,Player8,49,59,1531,901,1.67,2.21,1.72,2.28
10/03/2022,Player11,Player33,45,24,2050,3673,2.29,1.63,2.36,1.68
11/03/2022,Player57,Player27,48,4,1587,4718,3.27,1.34,3.37,1.38
11/03/2022,Player47,Player27,6,4,4446,4718,2.16,1.7,2.22,1.76
11/03/2022,Player6,Player40,9,17,4577,3658,1.71,2.15,1.76,2.22
12/03/2022,Player16,Player33,35,24,2680,3673,2.23,1.66,2.3,1.71
12/03/2022,Player29,Player34,54,32,1316,2831,2.4,1.58,2.47,1.63
12/03/2022,Player33,Player8,24,59,3673,901,1.33,3.37,1.37,3.47
13/03/2022,Player14,Player21,11,53,4174,1077,1.36,3.19,1.4,3.28
13/03/2022,Player34,Player55,32,36,2831,2316,1.86,1.95,1.92,2.01
13/03/2022,Player34,Player41,32,51,2831,1403,1.65,2.25,1.7,2.31
14/03/2022,Player35,Player6,57,9,1093,4577,3.54,1.3,3.65,1.34
14/03/2022,Player34,Player43,32,1,2831,4968,2.66,1.48,2.74,1.53
14/03/2022,Player27,Player25,4,16,4718,3895,1.57,2.42,1.62,2.49
15/03/2022,Player10,Player25,31,16,2848,3895,2.21,1.67,2.28,1.72
15/03/2022,Player3,Player20,28,41,3305,2260,1.62,2.31,1.67,2.38
15/03/2022,Player59,Player38,43,5,2172,4828,3.39,1.33,3.49,1.36
16/03/2022,Player54,Player38,47,5,1574,4828,2.89,1.42,2.97,1.46
16/03/2022,Player18,Player26,23,30,3354,3202,1.84,1.98,1.89,2.03
16/03/2022,Player49,Player26,10,30,4133,3202,1.62,2.32,1.67,2.38
17/03/2022,Player9,Player44,29,22,3213,3686,2.17,1.7,2.24,1.74
17/03/2022,Player36,Player48,58,12,885,4191,3.82,1.27,3.93,1.31
17/03/2022,Player32,Player36,46,58,1603,885,1.57,2.43,1.61,2.5
18/03/2022,Player20,Player9,41,29,2260,3213,2.12,1.73,2.18,1.78
18/03/2022,Player26,Player31,30,55,3202,899,1.47,2.7,1.51,2.78
18/03/2022,Player40,Player58,17,38,3658,2420,1.67,2.22,1.72,2.29
19/03/2022,Player50,Player54,15,47,3906,1574,1.41,2.93,1.45,3.02
19/03/2022,Player46,Player59,7,43,4796,2172,1.39,3.05,1.43,3.14
19/03/2022,Player21,Player53,53,2,1077,4719,3.29,1.34,3.39,1.38
20/03/2022,Player13,Player41,39,51,2325,1403,1.6,2.36,1.65,2.42
20/03/2022,Player6,Player7,9,20,4577,3316,1.65,2.25,1.7,2.32
20/03/2022,Player43,Player49,1,10,4968,4133,1.64,2.28,1.69,2.34
21/03/2022,Player14,Player20,11,41,4174,2260,1.48,2.67,1.52,2.75
21/03/2022,Player48,Player4,12,19,4191,3295,1.79,2.04,1.84,2.1
21/03/2022,Player47,Player42,6,13,4446,3909,1.77,2.06,1.82,2.12
22/03/2022,Player6,Player47,9,6,4577,4446,2.0,1.82,2.06,1.87
22/03/2022,Player42,Player37,13,52,3909,1222,1.49,2.65,1.53,2.73
22/03/2022,Player31,Player9,55,29,899,3213,2.31,1.62,2.38,1.67
23/03/2022,Player26,Player34,30,32,3202,2831,1.93,1.88,1.99,1.94
23/03/2022,Player12,Player59,26,43,3655,2172,1.67,2.21,1.72,2.28
23/03/2022,Player32,Player13,46,39,1603,2325,1.98,1.83,2.04,1.89
24/03/2022,Player49,Player9,10,29,4133,3213,1.62,2.31,1.67,2.37
24/03/2022,Player53,Player41,2,51,4719,1403,1.39,3.04,1.43,3.13
24/03/2022,Player15,Player17,34,49,2466,1531,1.64,2.26,1.69,2.33
25/03/2022,Player22,Player58,42,38,1754,2420,1.77,2.06,1.82,2.12
25/03/2022,Player22,Player8,42,59,1754,901,1.54,2.49,1.59,2.56
25/03/2022,Player13,Player59,39,43,2325,2172,1.88,1.93,1.94,1.98
26/03/2022,Player44,Player11,22,45,3686,2050,1.6,2.35,1.65,2.42
26/03/2022,Player10,Player13,31,39,2848,2325,1.66,2.23,1.71,2.3
26/03/2022,Player45,Player8,25,59,3083,901,1.56,2.45,1.6,2.53
27/03/2022,Player12,Player31,26,55,3655,899,1.46,2.74,1.5,2.82
27/03/2022,Player47,Player21,6,53,4446,1077,1.27,3.8,1.31,3.91
27/03/2022,Player39,Player37,37,52,2389,1222,1.71,2.15,1.76,2.21
28/03/2022,Player20,Player3,41,28,2260,3305,2.33,1.61,2.4,1.66
28/03/2022,Player17,Player31,49,55,1531,899,1.89,1.92,1.95,1.97
28/03/2022,Player17,Player51,49,27,1531,3119,2.36,1.6,2.43,1.64
29/03/2022,Player40,Player47,17,6,3658,4446,2.41,1.57,2.48,1.62
29/03/2022,Player15,Player1,34,60,2466,994,1.36,3.19,1.4,3.28
29/03/2022,Player31,Player21,55,53,899,1077,1.9,1.91,1.95,1.97
30/03/2022,Player38,Player6,5,9,4828,4577,2.0,1.82,2.06,1.87
30/03/2022,Player6,Player24,9,40,4577,2440,1.53,2.52,1.57,2.6
30/03/2022,Player37,Player53,52,2,1222,4719,3.56,1.3,3.66,1.34
31/03/2022,Player18,Player21,23,53,3354,1077,1.49,2.64,1.53,2.72
31/03/2022,Player45,Player41,25,51,3083,1403,1.62,2.32,1.67,2.38
31/03/2022,Player47,Player17,6,49,4446,1531,1.36,3.17,1.4,3.27
01/04/2022,Player59,Player4,43,19,2172,3295,2.38,1.59,2.45,1.63
01/04/2022,Player42,Player52,13,3,3909,4703,2.18,1.69,2.25,1.74
01/04/2022,Player0,Player28,33,18,2577,3592,2.24,1.66,2.31,1.71
02/04/2022,Player22,Player35,42,57,1754,1093,1.65,2.26,1.7,2.32
02/04/2022,Player14,Player30,11,56,4174,1065,1.3,3.56,1.34,3.66
02/04/2022,Player28,Player25,18,16,3592,3895,1.8,2.02,1.86,2.08
03/04/2022,Player46,Player26,7,30,4796,3202,1.58,2.4,1.63,2.47
03/04/2022,Player9,Player2,29,44,3213,1873,1.6,2.34,1.65,2.41
03/04/2022,Player39,Player8,37,59,2389,901,1.67,2.21,1.72,2.28
04/04/2022,Player39,Player38,37,5,2389,4828,2.61,1.5,2.69,1.54
04/04/2022,Player41,Player33,51,24,1403,3673,2.7,1.47,2.78,1.51
04/04/2022,Player49,Player8,10,59,4133,901,1.25,3.97,1.29,4.09
05/04/2022,Player22,Player58,42,38,1754,2420,1.94,1.87,2.0,1.93
05/04/2022,Player27,Player59,4,43,4718,2172,1.4,2.98,1.44,3.07
05/04/2022,Player9,Player38,29,5,3213,4828,1.97,1.84,2.03,1.9
06/04/2022,Player41,Player1,51,60,1403,994,1.81,2.01,1.86,2.07
06/04/2022,Player41,Player34,51,32,1403,2831,2.21,1.67,2.28,1.72
06/04/2022,Player38,Player17,5,49,4828,1531,1.32,3.44,1.36,3.54
07/04/2022,Player48,Player53,12,2,4191,4719,2.47,1.55,2.54,1.6
07/04/2022,Player4,Player22,19,42,3295,1754,1.53,2.52,1.58,2.6
07/04/2022,Player17,Player22,49,42,1531,1754,2.13,1.73,2.19,1.78
08/04/2022,Player32,Player51,46,27,1603,3119,2.18,1.69,2.24,1.74
08/04/2022,Player20,Player15,41,34,2260,2466,2.24,1.65,2.31,1.7
08/04/2022,Player49,Player27,10,4,4133,4718,1.94,1.87,2.0,1.92
09/04/2022,Player28,Player13,18,39,3592,2325,1.65,2.25,1.7,2.32
09/04/2022,Player21,Player41,53,51,1077,1403,2.03,1.79,2.09,1.84
09/04/2022,Player58,Player22,38,42,2420,1754,1.98,1.84,2.03,1.89
10/04/2022,Player36,Player19,58,50,885,1479,1.97,1.84,2.03,1.9
10/04/2022,Player6,Player37,9,52,4577,1222,1.32,3.44,1.36,3.54
10/04/2022,Player40,Player32,17,46,3658,1603,1.47,2.7,1.51,2.78
11/04/2022,Player24,Player15,40,34,2440,2466,2.17,1.7,2.24,1.75
11/04/2022,Player53,Player29,2,54,4719,1316,1.32,3.43,1.36,3.53
11/04/2022,Player52,Player29,3,54,4703,1316,1.24,4.08,1.28,4.2
12/04/2022,Player38,Player17,5,49,4828,1531,1.21,4.48,1.25,4.61
12/04/2022,Player18,Player36,23,58,3354,885,1.46,2.73,1.51,2.81
12/04/2022,Player10,Player36,31,58,2848,885,1.43,2.83,1.48,2.92
13/04/2022,Player3,Player56,28,14,3305,3706,2.2,1.68,2.27,1.73
13/04/2022,Player47,Player32,6,46,4446,1603,1.37,3.15,1.41,3.24
13/04/2022,Player20,Player28,41,18,2260,3592,2.47,1.55,2.54,1.59
14/04/2022,Player2,Player34,44,32,1873,2831,2.31,1.62,2.38,1.67
14/04/2022,Player18,Player54,23,47,3354,1574,1.5,2.61,1.54,2.69
14/04/2022,Player47,Player48,6,12,4446,4191,1.64,2.26,1.69,2.33
15/04/2022,Player34,Player32,32,46,2831,1603,1.76,2.07,1.81,2.14
15/04/2022,Player43,Player46,1,7,4968,4796,1.73,2.12,1.78,2.18
15/04/2022,Player3,Player34,28,32,3305,2831,1.82,2.0,1.87,2.06
16/04/2022,Player29,Player17,54,49,1316,1531,1.79,2.04,1.84,2.1
16/04/2022,Player28,Player45,18,25,3592,3083,1.75,2.1,1.8,2.16
16/04/2022,Player16,Player13,35,39,2680,2325,1.94,1.87,2.0,1.92
17/04/2022,Player24,Player59,40,43,2440,2172,1.84,1.98,1.89,2.04
17/04/2022,Player38,Player16,5,35,4828,2680,1.63,2.3,1.67,2.37
17/04/2022,Player16,Player30,35,56,2680,1065,1.61,2.34,1.66,2.4
18/04/2022,Player55,Player7,36,20,2316,3316,2.22,1.67,2.28,1.72
18/04/2022,Player39,Player13,37,39,2389,2325,1.78,2.05,1.83,2.11
18/04/2022,Player17,Player8,49,59,1531,901,1.79,2.03,1.85,2.09
19/04/2022,Player39,Player54,37,47,2389,1574,1.85,1.96,1.9,2.02
19/04/2022,Player25,Player29,16,54,3895,1316,1.55,2.47,1.6,2.54
19/04/2022,Player39,Player1,37,60,2389,994,1.62,2.3,1.67,2.37
20/04/2022,Player56,Player37,14,52,3706,1222,1.37,3.14,1.41,3.23
20/04/2022,Player22,Player36,42,58,1754,885,1.7,2.16,1.75,2.23
20/04/2022,Player15,Player8,34,59,2466,901,1.49,2.64,1.53,2.72
21/04/2022,Player2,Player22,44,42,1873,1754,1.96,1.85,2.02,1.91
21/04/2022,Player43,Player41,1,51,4968,1403,1.32,3.41,1.36,3.51
21/04/2022,Player35,Player32,57,46,1093,1603,1.98,1.83,2.04,1.89
22/04/2022,Player55,Player51,36,27,2316,3119,2.02,1.8,2.08,1.86
22/04/2022,Player3,Player58,28,38,3305,2420,1.67,2.22,1.72,2.28
22/04/2022,Player31,Player57,55,48,899,1587,2.04,1.79,2.1,1.84
23/04/2022,Player25,Player43,16,1,3895,4968,2.15,1.71,2.21,1.76
23/04/2022,Player47,Player51,6,27,4446,3119,1.63,2.29,1.68,2.36
23/04/2022,Player50,Player48,15,12,3906,4191,2.02,1.8,2.08,1.86
24/04/2022,Player36,Player1,58,60,885,994,1.79,2.03,1.85,2.09
24/04/2022,Player5,Player45,21,25,3756,3083,1.88,1.93,1.94,1.98
24/04/2022,Player50,Player16,15,35,3906,2680,1.61,2.34,1.65,2.41
25/04/2022,Player39,Player24,37,40,2389,2440,1.87,1.95,1.92,2.0
25/04/2022,Player45,Player42,25,13,3083,3909,2.29,1.63,2.35,1.68
25/04/2022,Player15,Player48,34,12,2466,4191,2.11,1.73,2.18,1.78
26/04/2022,Player23,Player35,8,57,3953,1093,1.34,3.31,1.38,3.41
26/04/2022,Player56,Player1,14,60,3706,994,1.3,3.53,1.34,3.63
26/04/2022,Player39,Player8,37,59,2389,901,1.58,2.4,1.62,2.48
27/04/2022,Player56,Player57,14,48,3706,1587,1.47,2.7,1.52,2.78
27/04/2022,Player31,Player7,55,20,899,3316,2.73,1.46,2.81,1.51
27/04/2022,Player46,Player54,7,47,4796,1574,1.3,3.56,1.34,3.66
28/04/2022,Player19,Player15,50,34,1479,2466,2.5,1.54,2.57,1.58
28/04/2022,Player36,Player31,58,55,885,899,1.83,1.99,1.88,2.05
28/04/2022,Player50,Player0,15,33,3906,2577,1.4,2.96,1.44,3.05
29/04/2022,Player49,Player18,10,23,4133,3354,1.74,2.1,1.79,2.17
29/04/2022,Player48,Player6,12,9,4191,4577,1.75,2.08,1.8,2.15
29/04/2022,Player2,Player29,44,54,1873,1316,1.6,2.36,1.65,2.43
30/04/2022,Player47,Player28,6,18,4446,3592,1.78,2.04,1.84,2.1
30/04/2022,Player21,Player54,53,47,1077,1574,2.02,1.81,2.07,1.86
30/04/2022,Player45,Player5,25,21,3083,3756,2.08,1.76,2.14,1.81
01/05/2022,Player38,Player22,5,42,4828,1754,1.52,2.56,1.56,2.64
01/05/2022,Player49,Player55,10,36,4133,2316,1.4,2.97,1.44,3.06
01/05/2022,Player47,Player43,6,1,4446,4968,2.0,1.82,2.06,1.87
02/05/2022,Player8,Player23,59,8,901,3953,3.63,1.29,3.73,1.33
02/05/2022,Player10,Player36,31,58,2848,885,1.46,2.74,1.5,2.82
02/05/2022,Player42,Player17,13,49,3909,1531,1.3,3.53,1.34,3.64
03/05/2022,Player4,Player9,19,29,3295,3213,1.98,1.84,2.04,1.89
03/05/2022,Player52,Player36,3,58,4703,885,1.2,4.61,1.24,4.75
03/05/2022,Player4,Player3,19,28,3295,3305,1.68,2.2,1.73,2.26
04/05/2022,Player47,Player17,6,49,4446,1531,1.28,3.75,1.31,3.86
04/05/2022,Player5,Player0,21,33,3756,2577,1.74,2.11,1.79,2.17
04/05/2022,Player28,Player52,18,3,3592,4703,2.38,1.59,2.45,1.64
05/05/2022,Player54,Player57,47,48,1574,1587,1.89,1.92,1.95,1.98
05/05/2022,Player41,Player7,51,20,1403,3316,3.01,1.39,3.1,1.43
05/05/2022,Player58,Player41,38,51,2420,1403,1.6,2.35,1.65,2.42
06/05/2022,Player34,Player56,32,14,2831,3706,2.18,1.69,2.25,1.74
06/05/2022,Player11,Player50,45,15,2050,3906,2.95,1.41,3.04,1.45
06/05/2022,Player16,Player54,35,47,2680,1574,1.77,2.06,1.83,2.12
07/05/2022,Player38,Player43,5,1,4828,4968,1.89,1.92,1.94,1.98
07/05/2022,Player59,Player38,43,5,2172,4828,3.08,1.38,3.17,1.42
07/05/2022,Player10,Player45,31,25,2848,3083,2.13,1.72,2.2,1.77
08/05/2022,Player23,Player14,8,11,3953,4174,1.82,1.99,1.88,2.05
08/05/2022,Player38,Player10,5,31,4828,2848,1.49,2.65,1.53,2.72
08/05/2022,Player12,Player13,26,39,3655,2325,1.63,2.3,1.67,2.37
09/05/2022,Player24,Player47,40,6,2440,4446,2.98,1.4,3.07,1.44
09/05/2022,Player1,Player59,60,43,994,2172,2.26,1.65,2.32,1.7
09/05/2022,Player23,Player21,8,53,3953,1077,1.29,3.61,1.33,3.72
10/05/2022,Player22,Player25,42,16,1754,3895,2.63,1.49,2.71,1.54
10/05/2022,Player58,Player5,38,21,2420,3756,2.22,1.67,2.28,1.72
10/05/2022,Player8,Player58,59,38,901,2420,2.42,1.57,2.49,1.62
11/05/2022,Player44,Player22,22,42,3686,1754,1.61,2.33,1.66,2.4
11/05/2022,Player6,Player1,9,60,4577,994,1.2,4.63,1.23,4.76
11/05/2022,Player59,Player55,43,36,2172,2316,2.18,1.69,2.24,1.74
12/05/2022,Player13,Player39,39,37,2325,2389,1.95,1.86,2.01,1.91
12/05/2022,Player23,Player59,8,43,3953,2172,1.4,2.97,1.44,3.06
12/05/2022,Player51,Player13,27,39,3119,2325,1.71,2.16,1.76,2.22
13/05/2022,Player14,Player0,11,33,4174,2577,1.6,2.35,1.65,2.42
13/05/2022,Player1,Player59,60,43,994,2172,2.66,1.48,2.74,1.53
13/05/2022,Player24,Player30,40,56,2440,1065,1.58,2.39,1.63,2.46
14/05/2022,Player18,Player44,23,22,3354,3686,2.18,1.69,2.25,1.74
14/05/2022,Player23,Player45,8,25,3953,3083,1.64,2.28,1.69,2.34
14/05/2022,Player46,Player9,7,29,4796,3213,1.71,2.14,1.76,2.21
15/05/2022,Player31,Player28,55,18,899,3592,2.64,1.49,2.71,1.54
15/05/2022,Player51,Player45,27,25,3119,3083,2.02,1.8,2.08,1.85
15/05/2022,Player4,Player17,19,49,3295,1531,1.5,2.61,1.54,2.68
