Date,HomeTeam,AwayTeam,FTHG,FTAG,FTR,B365H,B365D,B365A,PSCH,PSCD,PSCA
01/08/2021,Team15,Team0,1,0,H,1.58,7.16,3.61,1.63,7.37,3.72
01/08/2021,Team5,Team6,2,1,H,1.41,5.82,5.98,1.45,5.99,6.16
01/08/2021,Team1,Team6,2,0,D,1.39,4.57,9.07,1.43,4.7,9.34
01/08/2021,Team12,Team10,0,0,A,3.01,5.47,1.87,3.1,5.63,1.92
02/08/2021,Team4,Team17,2,1,A,1.48,4.77,6.15,1.52,4.91,6.33
02/08/2021,Team16,Team13,1,1,A,2.11,4.56,2.8,2.17,4.7,2.88
02/08/2021,Team13,Team9,1,1,A,2.62,5.14,2.11,2.7,5.29,2.17
02/08/2021,Team17,Team15,0,0,H,3.43,4.59,1.85,3.53,4.72,1.9
03/08/2021,Team9,Team0,2,2,H,2.32,4.52,2.52,2.39,4.65,2.59
03/08/2021,Team5,Team4,1,1,D,2.73,6.04,1.93,2.81,6.22,1.99
03/08/2021,Team3,Team13,3,1,D,4.17,4.28,1.74,4.29,4.4,1.79
03/08/2021,Team19,Team2,5,2,H,2.58,5.33,2.11,2.66,5.48,2.17
04/08/2021,Team1,Team10,2,0,H,1.61,4.86,4.46,1.66,5.0,4.59
04/08/2021,Team9,Team1,1,3,D,2.61,5.23,2.1,2.69,5.38,2.16
04/08/2021,Team15,Team13,3,0,H,1.66,4.52,4.43,1.71,4.65,4.56
04/08/2021,Team6,Team9,0,2,A,3.1,6.23,1.77,3.19,6.41,1.82
05/08/2021,Team18,Team8,2,1,D,3.15,4.54,1.95,3.24,4.67,2.01
05/08/2021,Team2,Team0,1,2,H,2.21,4.12,2.81,2.28,4.24,2.9
05/08/2021,Team14,Team3,3,1,H,1.54,4.5,5.65,1.58,4.63,5.81
05/08/2021,Team18,Team11,0,1,A,5.13,4.82,1.54,5.28,4.96,1.59
06/08/2021,Team13,Team14,3,3,H,1.76,4.79,3.65,1.82,4.93,3.75
06/08/2021,Team17,Team5,1,0,H,2.74,5.15,2.04,2.82,5.3,2.1
06/08/2021,Team12,Team1,1,1,A,7.0,4.19,1.5,7.21,4.31,1.54
06/08/2021,Team7,Team14,1,1,H,1.47,5.27,5.54,1.51,5.42,5.71
07/08/2021,Team5,Team1,0,2,A,2.65,4.54,2.21,2.73,4.68,2.27
07/08/2021,Team18,Team17,0,2,A,2.2,5.59,2.4,2.26,5.75,2.48
07/08/2021,Team11,Team16,0,0,A,1.68,5.52,3.67,1.73,5.68,3.77
07/08/2021,Team14,Team4,0,0,A,5.47,4.17,1.59,5.63,4.3,1.64
08/08/2021,Team5,Team17,3,0,H,1.52,5.13,5.11,1.56,5.28,5.26
08/08/2021,Team10,Team19,2,0,D,1.92,4.72,3.14,1.98,4.85,3.23
08/08/2021,Team16,Team4,1,0,A,3.27,6.29,1.71,3.36,6.48,1.76
08/08/2021,Team19,Team2,2,0,H,2.86,5.17,1.97,2.94,5.32,2.03
09/08/2021,Team16,Team13,2,1,H,2.03,4.71,2.89,2.09,4.85,2.98
09/08/2021,Team15,Team8,0,1,H,1.82,4.69,3.49,1.87,4.83,3.6
09/08/2021,Team9,Team12,3,0,H,1.5,5.22,5.16,1.55,5.37,5.31
09/08/2021,Team4,Team9,1,1,D,1.76,4.28,4.02,1.81,4.4,4.14
10/08/2021,Team19,Team4,1,1,A,4.54,5.45,1.55,4.68,5.61,1.59
10/08/2021,Team13,Team5,2,0,H,2.58,5.49,2.08,2.65,5.65,2.14
10/08/2021,Team16,Team1,1,1,H,2.99,4.59,2.01,3.08,4.72,2.07
10/08/2021,Team19,Team8,0,1,A,2.95,3.66,2.28,3.04,3.77,2.35
11/08/2021,Team10,Team1,1,2,A,2.85,5.67,1.91,2.94,5.84,1.97
11/08/2021,Team3,Team9,1,3,D,5.57,4.98,1.49,5.73,5.13,1.54
11/08/2021,Team17,Team15,1,1,H,3.21,4.8,1.89,3.31,4.94,1.94
11/08/2021,Team12,Team3,1,2,A,1.76,4.34,3.99,1.81,4.47,4.1
12/08/2021,Team11,Team7,2,3,H,2.08,5.16,2.67,2.14,5.31,2.74
12/08/2021,Team17,Team11,3,1,A,3.15,4.75,1.91,3.24,4.89,1.97
12/08/2021,Team6,Team17,0,0,H,2.28,4.4,2.6,2.35,4.53,2.67
12/08/2021,Team12,Team7,1,2,A,3.64,5.33,1.7,3.74,5.49,1.75
13/08/2021,Team0,Team15,1,2,D,2.25,4.13,2.75,2.32,4.26,2.83
13/08/2021,Team7,Team12,3,1,H,1.4,5.64,6.41,1.44,5.81,6.6
13/08/2021,Team17,Team3,1,1,H,1.49,4.28,6.89,1.53,4.4,7.09
13/08/2021,Team2,Team12,2,6,D,1.49,3.93,8.06,1.53,4.05,8.3
14/08/2021,Team15,Team8,0,1,H,1.99,4.24,3.22,2.04,4.37,3.32
14/08/2021,Team9,Team14,0,0,H,1.57,4.81,4.89,1.61,4.96,5.04
14/08/2021,Team1,Team0,1,0,H,1.71,4.52,4.07,1.77,4.65,4.19
14/08/2021,Team15,Team11,2,0,H,2.12,5.13,2.61,2.18,5.28,2.68
15/08/2021,Team3,Team17,1,2,A,3.96,5.55,1.62,4.07,5.71,1.67
15/08/2021,Team3,Team17,0,1,A,3.02,5.06,1.92,3.11,5.21,1.98
15/08/2021,Team18,Team0,0,2,A,4.43,4.73,1.63,4.56,4.87,1.68
15/08/2021,Team14,Team10,1,0,A,2.77,4.9,2.06,2.86,5.04,2.12
16/08/2021,Team10,Team11,0,0,D,2.57,5.81,2.05,2.64,5.98,2.11
16/08/2021,Team11,Team16,2,1,D,1.83,4.12,3.84,1.88,4.24,3.95
16/08/2021,Team9,Team19,1,0,H,1.7,3.74,5.13,1.75,3.85,5.28
16/08/2021,Team16,Team1,0,1,A,3.03,4.83,1.95,3.12,4.98,2.0
17/08/2021,Team8,Team5,3,2,H,2.33,5.01,2.37,2.4,5.16,2.44
17/08/2021,Team16,Team15,0,1,A,2.9,4.27,2.12,2.99,4.39,2.18
17/08/2021,Team10,Team9,1,2,A,2.09,4.66,2.81,2.15,4.8,2.89
17/08/2021,Team11,Team1,3,2,A,2.43,4.19,2.51,2.5,4.31,2.58
18/08/2021,Team6,Team17,0,0,A,2.31,4.78,2.45,2.38,4.92,2.52
18/08/2021,Team3,Team18,0,2,A,2.86,4.76,2.04,2.94,4.9,2.1
18/08/2021,Team0,Team7,3,1,H,2.66,3.5,2.58,2.73,3.6,2.65
18/08/2021,Team6,Team3,2,0,D,1.71,4.57,4.07,1.76,4.7,4.18
19/08/2021,Team8,Team15,0,2,D,2.3,4.26,2.63,2.37,4.38,2.7
19/08/2021,Team2,Team9,2,1,A,1.89,6.19,2.79,1.94,6.37,2.87
19/08/2021,Team2,Team16,0,0,A,1.83,5.6,3.08,1.88,5.77,3.17
19/08/2021,Team12,Team19,2,0,A,2.49,5.89,2.09,2.56,6.06,2.15
20/08/2021,Team4,Team6,1,3,D,1.42,3.91,10.98,1.46,4.03,11.3
20/08/2021,Team17,Team19,1,2,H,2.12,4.27,2.9,2.19,4.4,2.98
20/08/2021,Team4,Team16,1,0,A,1.58,3.88,6.25,1.63,3.99,6.44
20/08/2021,Team18,Team2,2,1,A,3.17,5.3,1.83,3.27,5.46,1.88
21/08/2021,Team10,Team2,1,1,H,2.28,4.61,2.54,2.35,4.74,2.61
21/08/2021,Team13,Team10,3,2,A,2.18,4.74,2.62,2.25,4.88,2.7
21/08/2021,Team17,Team3,1,2,H,1.5,4.76,5.75,1.55,4.9,5.92
21/08/2021,Team5,Team2,0,0,A,1.89,5.39,2.98,1.95,5.55,3.07
22/08/2021,Team18,Team7,0,0,A,4.66,4.35,1.65,4.79,4.48,1.7
22/08/2021,Team10,Team0,0,0,A,2.48,4.56,2.34,2.55,4.7,2.41
22/08/2021,Team16,Team15,1,1,H,3.11,3.35,2.33,3.2,3.45,2.39
22/08/2021,Team4,Team11,4,1,H,1.96,4.22,3.3,2.02,4.34,3.4
23/08/2021,Team18,Team13,1,1,A,2.87,4.58,2.07,2.96,4.72,2.13
23/08/2021,Team5,Team6,0,0,A,1.47,5.13,5.74,1.51,5.28,5.91
23/08/2021,Team7,Team15,1,0,H,1.9,5.42,2.94,1.96,5.58,3.02
23/08/2021,Team16,Team17,3,5,D,1.74,5.91,3.27,1.79,6.08,3.37
24/08/2021,Team15,Team12,2,2,D,1.44,5.21,6.04,1.49,5.36,6.22
24/08/2021,Team14,Team6,1,2,D,1.94,4.9,3.01,2.0,5.05,3.1
24/08/2021,Team4,Team17,1,2,D,1.53,4.63,5.51,1.58,4.76,5.67
24/08/2021,Team7,Team6,1,0,A,1.48,5.22,5.5,1.52,5.37,5.66
25/08/2021,Team13,Team18,1,0,H,1.69,4.27,4.44,1.74,4.4,4.57
25/08/2021,Team11,Team5,0,1,A,1.98,5.6,2.72,2.04,5.76,2.8
25/08/2021,Team11,Team8,3,1,H,1.71,5.88,3.4,1.76,6.06,3.5
25/08/2021,Team12,Team17,0,1,A,2.42,4.63,2.37,2.49,4.77,2.44
26/08/2021,Team9,Team1,0,1,A,2.78,4.58,2.12,2.87,4.72,2.18
26/08/2021,Team10,Team11,0,2,A,2.35,5.88,2.2,2.42,6.05,2.27
26/08/2021,Team9,Team14,0,3,A,1.6,5.0,4.47,1.64,5.15,4.6
26/08/2021,Team9,Team10,4,0,H,1.95,4.4,3.23,2.01,4.53,3.32
27/08/2021,Team4,Team15,1,0,H,1.82,4.91,3.36,1.88,5.06,3.46
27/08/2021,Team19,Team13,0,0,H,2.1,5.88,2.48,2.16,6.05,2.56
27/08/2021,Team0,Team9,4,2,D,1.82,6.58,2.87,1.87,6.78,2.95
27/08/2021,Team15,Team11,0,1,A,1.91,5.21,3.0,1.96,5.36,3.08
28/08/2021,Team7,Team9,1,0,A,1.96,5.2,2.88,2.02,5.35,2.97
28/08/2021,Team8,Team16,3,1,A,1.88,4.01,3.71,1.94,4.13,3.82
28/08/2021,Team12,Team18,1,2,A,2.02,4.73,2.91,2.08,4.87,3.0
28/08/2021,Team19,Team5,2,0,D,3.2,3.93,2.07,3.3,4.05,2.13
29/08/2021,Team15,Team2,1,2,A,1.94,4.43,3.24,2.0,4.56,3.33
29/08/2021,Team8,Team9,1,3,A,1.99,4.88,2.92,2.05,5.02,3.0
29/08/2021,Team18,Team7,1,0,H,3.81,4.83,1.72,3.92,4.98,1.77
29/08/2021,Team11,Team17,1,4,A,1.55,5.06,4.81,1.6,5.21,4.95
30/08/2021,Team9,Team5,0,1,A,2.1,4.8,2.73,2.16,4.94,2.81
30/08/2021,Team18,Team8,1,0,D,3.43,5.56,1.73,3.54,5.72,1.78
30/08/2021,Team4,Team17,1,4,A,1.45,4.22,8.15,1.49,4.34,8.39
30/08/2021,Team0,Team11,2,0,A,2.54,3.78,2.55,2.62,3.89,2.63
31/08/2021,Team12,Team17,5,1,H,2.27,5.46,2.34,2.34,5.62,2.41
31/08/2021,Team1,Team6,1,4,A,1.36,5.07,8.62,1.4,5.22,8.87
31/08/2021,Team10,Team1,1,3,H,3.14,4.83,1.91,3.23,4.97,1.96
31/08/2021,Team9,Team0,1,2,A,1.91,5.48,2.92,1.96,5.64,3.0
01/09/2021,Team8,Team17,0,0,H,1.66,4.81,4.16,1.71,4.95,4.29
01/09/2021,Team7,Team8,2,0,H,1.86,5.4,3.06,1.91,5.56,3.15
01/09/2021,Team3,Team1,2,3,A,6.43,4.35,1.5,6.62,4.48,1.55
01/09/2021,Team8,Team1,1,3,A,2.58,4.79,2.21,2.65,4.93,2.27
02/09/2021,Team15,Team3,5,0,H,1.31,4.1,24.7,1.34,4.22,25.43
02/09/2021,Team7,Team1,2,0,H,2.17,6.65,2.28,2.23,6.85,2.35
02/09/2021,Team4,Team9,1,3,H,1.73,5.23,3.57,1.78,5.39,3.67
02/09/2021,Team9,Team5,0,3,A,2.2,6.29,2.29,2.26,6.48,2.36
03/09/2021,Team17,Team10,0,3,A,2.48,4.57,2.33,2.56,4.71,2.4
03/09/2021,Team1,Team3,2,0,H,1.17,6.54,23.63,1.2,6.73,24.32
03/09/2021,Team13,Team3,2,1,D,1.44,4.17,8.57,1.48,4.29,8.82
03/09/2021,Team10,Team0,1,0,H,2.72,3.92,2.34,2.8,4.03,2.41
04/09/2021,Team15,Team11,2,1,H,2.07,5.03,2.71,2.14,5.18,2.79
04/09/2021,Team1,Team3,2,2,H,1.36,4.45,10.91,1.4,4.58,11.23
04/09/2021,Team7,Team10,2,1,D,1.81,4.3,3.77,1.86,4.43,3.89
04/09/2021,Team12,Team11,1,1,A,4.67,5.64,1.52,4.81,5.8,1.56
05/09/2021,Team1,Team4,1,1,H,2.21,4.92,2.53,2.28,5.06,2.61
05/09/2021,Team15,Team16,0,1,H,1.71,4.75,3.93,1.76,4.89,4.05
05/09/2021,Team7,Team6,0,0,H,1.53,4.31,6.07,1.58,4.43,6.24
05/09/2021,Team3,Team12,2,1,D,2.46,5.54,2.16,2.53,5.71,2.22
06/09/2021,Team17,Team14,2,2,D,1.84,6.13,2.92,1.89,6.31,3.01
06/09/2021,Team6,Team14,1,2,H,2.34,4.51,2.5,2.41,4.65,2.57
06/09/2021,Team12,Team2,1,3,A,4.03,4.34,1.75,4.15,4.46,1.8
06/09/2021,Team17,Team19,0,1,A,2.08,5.28,2.64,2.14,5.44,2.72
07/09/2021,Team11,Team5,0,2,H,1.98,4.89,2.94,2.04,5.03,3.02
07/09/2021,Team10,Team11,2,1,H,2.92,3.84,2.24,3.0,3.96,2.3
07/09/2021,Team10,Team14,2,2,A,1.83,3.97,3.96,1.89,4.09,4.07
07/09/2021,Team8,Team13,1,1,H,1.7,5.27,3.68,1.75,5.43,3.79
08/09/2021,Team1,Team0,1,3,H,1.75,4.53,3.87,1.8,4.66,3.98
08/09/2021,Team12,Team7,1,1,A,3.99,5.48,1.62,4.11,5.64,1.67
08/09/2021,Team17,Team19,1,2,A,2.17,4.48,2.74,2.23,4.61,2.82
08/09/2021,Team5,Team19,0,1,D,1.58,6.2,3.91,1.63,6.38,4.03
09/09/2021,Team17,Team19,0,0,H,2.33,3.62,2.9,2.4,3.73,2.99
09/09/2021,Team11,Team10,1,0,A,1.6,7.24,3.49,1.65,7.46,3.59
09/09/2021,Team3,Team8,0,1,A,7.62,4.71,1.42,7.84,4.85,1.46
09/09/2021,Team14,Team4,1,1,H,4.91,4.0,1.68,5.05,4.12,1.73
10/09/2021,Team14,Team12,2,0,D,1.95,4.79,3.04,2.01,4.93,3.13
10/09/2021,Team16,Team6,3,1,H,1.81,4.44,3.66,1.87,4.57,3.77
10/09/2021,Team18,Team4,3,3,A,4.36,5.35,1.58,4.49,5.51,1.62
10/09/2021,Team17,Team6,1,2,A,1.78,5.31,3.33,1.83,5.47,3.42
11/09/2021,Team12,Team7,0,2,A,4.72,4.97,1.57,4.85,5.11,1.62
11/09/2021,Team10,Team8,1,0,D,2.12,5.1,2.61,2.18,5.25,2.69
11/09/2021,Team18,Team0,1,0,H,3.63,4.98,1.74,3.73,5.13,1.8
11/09/2021,Team8,Team11,0,1,H,2.3,5.06,2.39,2.37,5.2,2.46
12/09/2021,Team14,Team6,0,1,A,2.0,5.45,2.72,2.06,5.61,2.8
12/09/2021,Team12,Team2,1,0,H,4.09,4.68,1.69,4.21,4.82,1.74
12/09/2021,Team10,Team7,2,1,A,2.53,4.79,2.24,2.6,4.93,2.31
12/09/2021,Team8,Team17,3,0,H,1.68,3.85,5.1,1.73,3.96,5.25
13/09/2021,Team18,Team7,0,2,A,4.02,6.42,1.55,4.14,6.61,1.6
13/09/2021,Team9,Team6,0,2,H,1.51,5.33,4.99,1.56,5.48,5.14
13/09/2021,Team10,Team3,2,2,H,1.35,5.3,8.26,1.39,5.45,8.5
13/09/2021,Team2,Team1,2,0,H,2.65,4.88,2.14,2.73,5.02,2.2
14/09/2021,Team16,Team2,1,2,A,2.3,5.37,2.33,2.37,5.53,2.4
14/09/2021,Team10,Team15,0,3,D,2.92,5.76,1.87,3.01,5.92,1.93
14/09/2021,Team1,Team7,0,4,D,1.99,4.03,3.35,2.05,4.15,3.44
14/09/2021,Team16,Team14,0,1,D,1.82,4.16,3.83,1.88,4.28,3.94
15/09/2021,Team5,Team7,3,0,H,2.37,4.44,2.48,2.44,4.57,2.55
15/09/2021,Team19,Team9,3,0,H,2.68,4.68,2.16,2.76,4.82,2.22
15/09/2021,Team4,Team14,2,1,H,1.51,4.18,6.67,1.56,4.31,6.86
15/09/2021,Team7,Team14,1,1,H,1.49,5.97,4.75,1.53,6.15,4.89
16/09/2021,Team8,Team19,1,0,H,1.65,4.53,4.51,1.7,4.66,4.64
16/09/2021,Team3,Team15,1,4,A,6.8,6.27,1.35,7.0,6.45,1.38
16/09/2021,Team9,Team10,2,2,H,1.93,4.51,3.24,1.98,4.64,3.33
16/09/2021,Team6,Team13,1,1,H,2.4,5.43,2.23,2.47,5.59,2.29
17/09/2021,Team18,Team4,0,1,A,8.42,4.0,1.47,8.67,4.12,1.51
17/09/2021,Team5,Team16,3,0,H,1.8,4.47,3.68,1.86,4.6,3.79
17/09/2021,Team5,Team1,2,0,A,2.4,3.92,2.65,2.47,4.03,2.72
17/09/2021,Team8,Team14,1,2,H,1.44,5.69,5.51,1.49,5.86,5.67
18/09/2021,Team10,Team4,0,4,D,2.81,5.1,2.01,2.89,5.25,2.07
18/09/2021,Team15,Team0,1,1,H,1.81,4.51,3.61,1.87,4.65,3.72
18/09/2021,Team4,Team16,0,3,A,1.52,4.36,6.1,1.57,4.49,6.28
18/09/2021,Team8,Team7,0,0,H,2.54,5.2,2.15,2.62,5.35,2.22
19/09/2021,Team8,Team19,2,1,D,1.68,4.98,3.92,1.73,5.12,4.03
19/09/2021,Team9,Team14,0,0,H,1.62,4.53,4.72,1.67,4.66,4.86
19/09/2021,Team16,Team19,1,0,H,1.93,4.06,3.49,1.99,4.18,3.6
19/09/2021,Team11,Team8,1,1,A,1.91,4.6,3.23,1.97,4.73,3.33
20/09/2021,Team18,Team16,2,1,H,3.45,4.08,1.94,3.55,4.2,2.0
20/09/2021,Team10,Team1,1,2,A,3.09,5.02,1.9,3.18,5.16,1.95
20/09/2021,Team18,Team3,1,1,H,1.88,4.88,3.19,1.94,5.02,3.29
20/09/2021,Team1,Team6,1,2,H,1.4,5.0,7.45,1.44,5.15,7.67
21/09/2021,Team8,Team10,1,0,H,1.95,4.52,3.16,2.01,4.65,3.26
21/09/2021,Team1,Team0,3,1,H,1.61,5.83,3.89,1.66,6.0,4.01
21/09/2021,Team17,Team18,1,0,H,1.79,4.13,4.01,1.84,4.25,4.12
21/09/2021,Team17,Team4,2,3,D,4.76,4.36,1.64,4.9,4.49,1.69
22/09/2021,Team13,Team0,0,0,H,2.62,5.71,2.03,2.7,5.88,2.09
22/09/2021,Team16,Team4,5,1,D,3.02,5.47,1.87,3.11,5.63,1.92
22/09/2021,Team18,Team14,1,3,D,2.45,5.9,2.12,2.52,6.08,2.18
22/09/2021,Team4,Team9,0,0,H,1.53,4.97,5.16,1.57,5.11,5.31
23/09/2021,Team1,Team2,2,0,A,1.77,3.62,4.77,1.83,3.72,4.91
23/09/2021,Team8,Team2,1,0,H,2.07,4.34,2.97,2.13,4.47,3.05
23/09/2021,Team11,Team2,3,1,D,1.93,5.48,2.85,1.99,5.64,2.94
23/09/2021,Team14,Team16,1,0,A,2.8,4.59,2.1,2.89,4.72,2.17
24/09/2021,Team9,Team1,4,3,D,2.88,5.22,1.95,2.97,5.38,2.01
24/09/2021,Team11,Team17,3,1,D,1.59,4.65,4.83,1.64,4.78,4.97
24/09/2021,Team14,Team2,0,1,A,3.45,5.49,1.73,3.55,5.65,1.78
24/09/2021,Team11,Team13,2,2,H,1.73,4.47,4.05,1.78,4.6,4.17
25/09/2021,Team16,Team18,1,0,H,1.7,3.94,4.79,1.75,4.06,4.94
25/09/2021,Team4,Team14,2,2,D,1.37,6.35,6.24,1.41,6.54,6.42
25/09/2021,Team8,Team18,1,2,H,1.63,4.14,5.14,1.68,4.26,5.29
25/09/2021,Team16,Team18,2,1,A,1.71,3.86,4.85,1.76,3.98,4.99
26/09/2021,Team3,Team0,1,2,A,6.31,4.47,1.5,6.5,4.6,1.54
26/09/2021,Team13,Team9,2,0,H,2.87,4.28,2.14,2.95,4.4,2.2
26/09/2021,Team19,Team4,3,1,A,3.94,5.54,1.62,4.06,5.7,1.67
26/09/2021,Team14,Team1,0,1,A,3.96,4.32,1.77,4.08,4.45,1.82
27/09/2021,Team2,Team4,3,1,H,3.27,4.67,1.89,3.36,4.81,1.94
27/09/2021,Team6,Team8,0,1,D,3.07,4.69,1.96,3.16,4.82,2.01
27/09/2021,Team9,Team16,3,3,H,1.9,4.55,3.3,1.95,4.69,3.4
27/09/2021,Team4,Team7,0,0,H,1.77,5.42,3.34,1.82,5.58,3.44
28/09/2021,Team7,Team6,0,0,H,1.59,4.87,4.63,1.64,5.01,4.77
28/09/2021,Team3,Team6,0,2,A,3.3,4.82,1.86,3.39,4.96,1.91
28/09/2021,Team0,Team11,0,2,A,2.31,5.06,2.38,2.38,5.21,2.45
28/09/2021,Team8,Team9,1,1,A,1.91,4.72,3.16,1.97,4.86,3.26
29/09/2021,Team19,Team18,0,2,A,1.66,4.92,4.11,1.71,5.07,4.23
29/09/2021,Team0,Team9,1,0,D,2.13,5.53,2.5,2.19,5.69,2.58
29/09/2021,Team6,Team13,0,3,A,2.49,4.18,2.45,2.56,4.31,2.52
29/09/2021,Team8,Team7,1,0,A,2.37,3.85,2.71,2.44,3.96,2.79
30/09/2021,Team13,Team12,2,0,H,1.75,4.3,4.09,1.8,4.42,4.21
30/09/2021,Team19,Team17,0,3,A,1.97,6.87,2.53,2.02,7.08,2.6
30/09/2021,Team7,Team8,2,1,H,1.97,4.24,3.25,2.03,4.36,3.35
30/09/2021,Team19,Team8,1,1,D,2.73,5.37,2.01,2.81,5.53,2.07
01/10/2021,Team5,Team9,0,0,A,1.97,5.54,2.76,2.03,5.71,2.84
01/10/2021,Team8,Team7,2,2,D,2.11,5.07,2.64,2.17,5.22,2.72
01/10/2021,Team8,Team16,0,0,H,1.83,4.71,3.43,1.88,4.85,3.53
01/10/2021,Team14,Team13,0,4,D,2.78,4.42,2.15,2.86,4.55,2.22
02/10/2021,Team2,Team11,2,1,H,2.24,4.6,2.59,2.3,4.74,2.67
02/10/2021,Team14,Team12,1,0,H,1.85,4.07,3.77,1.91,4.19,3.88
02/10/2021,Team9,Team18,1,1,A,1.46,4.91,6.25,1.5,5.06,6.43
02/10/2021,Team13,Team18,0,0,H,1.59,4.86,4.61,1.64,5.01,4.75
03/10/2021,Team11,Team18,0,2,D,1.45,4.9,6.33,1.5,5.05,6.52
03/10/2021,Team10,Team12,0,1,A,1.54,4.87,5.15,1.58,5.01,5.3
03/10/2021,Team3,Team6,1,1,H,2.83,4.42,2.13,2.91,4.55,2.19
03/10/2021,Team19,Team14,1,5,A,2.13,4.8,2.69,2.19,4.94,2.77
04/10/2021,Team11,Team7,1,1,A,2.17,4.63,2.68,2.23,4.77,2.76
04/10/2021,Team12,Team1,2,1,A,4.7,4.96,1.57,4.84,5.1,1.62
04/10/2021,Team1,Team18,2,0,H,1.41,4.41,8.73,1.45,4.54,8.99
04/10/2021,Team17,Team4,0,0,A,4.28,4.59,1.67,4.4,4.73,1.72
05/10/2021,Team0,Team16,4,1,H,1.91,4.56,3.26,1.96,4.7,3.36
05/10/2021,Team18,Team0,0,1,A,4.11,4.82,1.67,4.23,4.97,1.72
05/10/2021,Team11,Team13,0,1,A,1.71,5.33,3.61,1.76,5.48,3.71
05/10/2021,Team10,Team5,1,1,A,2.39,4.93,2.34,2.46,5.07,2.41
06/10/2021,Team9,Team3,1,3,D,1.4,4.63,8.46,1.44,4.77,8.71
06/10/2021,Team12,Team16,0,1,A,2.93,4.83,1.99,3.02,4.98,2.05
06/10/2021,Team1,Team11,4,4,D,1.75,5.11,3.53,1.8,5.26,3.63
06/10/2021,Team2,Team8,1,2,D,2.3,3.78,2.85,2.37,3.89,2.93
07/10/2021,Team13,Team9,1,0,H,2.73,4.38,2.2,2.81,4.51,2.26
07/10/2021,Team11,Team9,0,0,A,2.02,4.02,3.26,2.08,4.14,3.36
07/10/2021,Team16,Team7,2,1,H,2.85,4.49,2.1,2.93,4.62,2.16
07/10/2021,Team19,Team13,2,1,H,2.01,4.43,3.06,2.07,4.56,3.15
08/10/2021,Team11,Team9,0,1,A,1.88,4.64,3.31,1.93,4.77,3.41
08/10/2021,Team14,Team18,1,3,A,1.84,4.93,3.28,1.9,5.08,3.38
08/10/2021,Team6,Team18,0,1,A,1.88,4.19,3.57,1.94,4.31,3.67
08/10/2021,Team18,Team3,1,1,D,1.78,4.71,3.64,1.83,4.85,3.75
09/10/2021,Team17,Team4,0,2,A,4.05,5.84,1.58,4.17,6.01,1.63
09/10/2021,Team0,Team13,1,1,H,1.72,4.44,4.09,1.77,4.57,4.21
09/10/2021,Team10,Team3,2,1,D,1.5,3.83,8.28,1.54,3.94,8.52
09/10/2021,Team4,Team5,0,1,A,1.77,5.76,3.2,1.82,5.93,3.3
10/10/2021,Team10,Team1,1,0,H,3.19,6.52,1.71,3.29,6.72,1.76
10/10/2021,Team14,Team12,5,0,H,2.07,4.31,2.98,2.13,4.43,3.07
10/10/2021,Team19,Team14,1,1,H,1.7,5.13,3.73,1.75,5.28,3.84
10/10/2021,Team16,Team2,0,1,D,2.37,4.8,2.39,2.44,4.94,2.46
11/10/2021,Team15,Team18,1,1,H,1.44,5.6,5.64,1.48,5.76,5.81
11/10/2021,Team3,Team1,1,1,A,8.16,4.84,1.39,8.4,4.98,1.43
11/10/2021,Team7,Team16,0,1,H,1.86,4.27,3.62,1.91,4.39,3.72
11/10/2021,Team15,Team5,2,1,H,1.86,5.75,2.95,1.92,5.92,3.04
12/10/2021,Team3,Team16,0,2,A,5.25,5.32,1.49,5.41,5.48,1.53
12/10/2021,Team17,Team12,1,2,H,1.58,6.24,3.9,1.63,6.42,4.01
12/10/2021,Team18,Team11,2,2,A,4.55,5.29,1.56,4.69,5.44,1.61
12/10/2021,Team10,Team0,1,0,H,2.57,4.12,2.39,2.64,4.24,2.47
13/10/2021,Team7,Team14,2,0,H,1.63,4.53,4.62,1.68,4.67,4.75
13/10/2021,Team16,Team19,0,1,A,1.89,4.51,3.35,1.94,4.64,3.44
13/10/2021,Team6,Team0,0,0,A,3.27,5.16,1.82,3.36,5.31,1.87
13/10/2021,Team14,Team5,1,2,A,3.22,4.39,1.96,3.31,4.52,2.01
14/10/2021,Team3,Team18,3,0,A,2.6,5.47,2.07,2.68,5.63,2.13
14/10/2021,Team18,Team6,1,0,H,2.46,5.37,2.18,2.54,5.53,2.25
14/10/2021,Team19,Team17,2,0,H,2.18,3.77,3.06,2.25,3.88,3.15
14/10/2021,Team10,Team13,3,3,A,1.79,5.06,3.42,1.84,5.21,3.52
15/10/2021,Team5,Team8,1,1,A,1.84,6.45,2.85,1.89,6.64,2.93
15/10/2021,Team9,Team2,1,3,D,2.02,5.47,2.68,2.08,5.63,2.76
15/10/2021,Team7,Team14,4,1,A,1.44,4.72,7.02,1.48,4.86,7.23
15/10/2021,Team19,Team17,0,0,A,2.23,4.2,2.75,2.3,4.32,2.83
16/10/2021,Team19,Team18,4,1,D,1.77,4.76,3.65,1.82,4.89,3.76
16/10/2021,Team7,Team15,0,3,A,1.91,5.8,2.82,1.97,5.97,2.91
16/10/2021,Team16,Team11,1,1,A,2.17,5.88,2.38,2.24,6.05,2.45
16/10/2021,Team15,Team16,1,1,A,1.76,4.68,3.73,1.81,4.82,3.84
17/10/2021,Team14,Team0,1,2,H,2.97,4.94,1.96,3.06,5.08,2.01
17/10/2021,Team14,Team12,2,2,H,1.99,3.67,3.62,2.05,3.78,3.73
17/10/2021,Team12,Team6,1,0,H,2.2,4.76,2.6,2.26,4.9,2.68
17/10/2021,Team16,Team19,1,0,H,2.02,4.55,2.98,2.08,4.68,3.07
18/10/2021,Team7,Team19,3,0,H,1.69,5.36,3.69,1.74,5.51,3.8
18/10/2021,Team9,Team6,0,0,H,1.64,5.23,4.03,1.69,5.38,4.15
18/10/2021,Team2,Team17,0,0,H,1.78,4.09,4.11,1.83,4.21,4.23
18/10/2021,Team10,Team7,1,4,A,2.52,4.53,2.31,2.6,4.66,2.38
19/10/2021,Team17,Team8,0,1,D,2.45,5.0,2.26,2.52,5.15,2.33
19/10/2021,Team13,Team2,1,0,A,2.46,6.91,2.0,2.53,7.11,2.06
19/10/2021,Team13,Team0,0,1,D,2.77,4.71,2.1,2.85,4.85,2.16
19/10/2021,Team8,Team12,2,0,H,1.65,4.04,5.08,1.7,4.16,5.23
20/10/2021,Team16,Team3,2,0,H,1.42,4.51,7.92,1.47,4.65,8.15
20/10/2021,Team14,Team4,2,2,H,4.85,4.21,1.65,4.99,4.33,1.7
20/10/2021,Team4,Team2,2,0,H,1.63,5.47,3.94,1.68,5.63,4.05
20/10/2021,Team16,Team2,1,1,A,2.52,4.64,2.28,2.6,4.78,2.35
21/10/2021,Team12,Team0,0,3,A,3.79,4.29,1.81,3.9,4.42,1.86
21/10/2021,Team1,Team2,1,0,A,1.68,5.48,3.68,1.73,5.64,3.78
21/10/2021,Team6,Team11,0,2,A,4.15,4.53,1.7,4.27,4.67,1.75
21/10/2021,Team16,Team17,0,2,A,1.96,4.92,2.98,2.01,5.07,3.07
22/10/2021,Team7,Team1,3,2,D,2.31,5.0,2.4,2.37,5.15,2.47
22/10/2021,Team13,Team12,1,1,H,1.67,5.11,3.93,1.72,5.26,4.04
22/10/2021,Team9,Team13,1,1,H,1.77,4.45,3.86,1.82,4.58,3.98
22/10/2021,Team1,Team16,1,1,H,1.65,4.91,4.15,1.7,5.05,4.27
23/10/2021,Team13,Team10,2,2,H,2.3,4.79,2.46,2.37,4.94,2.53
23/10/2021,Team18,Team19,0,1,H,3.03,3.46,2.32,3.12,3.57,2.39
23/10/2021,Team6,Team5,2,1,D,3.71,5.42,1.68,3.82,5.58,1.73
23/10/2021,Team18,Team19,2,1,D,3.02,3.58,2.27,3.11,3.69,2.34
24/10/2021,Team1,Team16,2,1,H,1.61,4.21,5.22,1.66,4.33,5.37
24/10/2021,Team15,Team9,4,0,D,1.74,4.33,4.07,1.8,4.45,4.19
24/10/2021,Team14,Team18,0,0,H,1.84,4.85,3.32,1.9,4.99,3.41
24/10/2021,Team17,Team11,2,0,D,3.46,5.19,1.76,3.56,5.34,1.81
25/10/2021,Team7,Team6,3,0,H,1.58,4.16,5.63,1.63,4.29,5.8
25/10/2021,Team11,Team9,3,0,H,2.07,3.96,3.19,2.13,4.07,3.28
25/10/2021,Team19,Team14,2,0,H,1.77,4.42,3.89,1.82,4.55,4.0
25/10/2021,Team7,Team16,3,1,H,1.61,5.73,3.94,1.66,5.9,4.05
26/10/2021,Team4,Team1,2,1,D,2.1,4.45,2.86,2.16,4.58,2.95
26/10/2021,Team5,Team16,1,3,D,1.79,4.4,3.8,1.84,4.53,3.91
26/10/2021,Team4,Team11,2,4,A,1.8,5.75,3.12,1.85,5.92,3.21
26/10/2021,Team16,Team19,6,0,H,2.04,4.46,2.97,2.1,4.59,3.06
27/10/2021,Team7,Team15,1,1,A,2.26,4.05,2.77,2.33,4.16,2.85
27/10/2021,Team6,Team9,3,2,D,3.21,4.49,1.94,3.3,4.62,2.0
27/10/2021,Team19,Team6,1,1,H,1.76,4.71,3.73,1.81,4.85,3.84
27/10/2021,Team0,Team8,2,1,H,2.04,4.92,2.8,2.1,5.07,2.89
28/10/2021,Team12,Team19,0,2,A,2.61,4.17,2.35,2.68,4.29,2.41
28/10/2021,Team18,Team4,1,0,A,9.25,4.23,1.42,9.52,4.35,1.46
28/10/2021,Team15,Team2,1,4,A,2.0,4.6,3.01,2.06,4.74,3.09
28/10/2021,Team14,Team4,1,3,D,6.57,3.68,1.6,6.76,3.79,1.64
29/10/2021,Team2,Team7,4,2,H,2.53,4.67,2.27,2.6,4.81,2.34
29/10/2021,Team18,Team1,1,1,D,5.14,4.28,1.61,5.29,4.41,1.66
29/10/2021,Team10,Team14,4,0,H,1.65,5.16,3.99,1.7,5.31,4.1
29/10/2021,Team12,Team0,0,2,A,3.32,4.39,1.92,3.42,4.52,1.97
30/10/2021,Team10,Team2,2,1,A,2.42,5.98,2.13,2.49,6.15,2.19
30/10/2021,Team16,Team5,2,2,D,2.54,4.75,2.25,2.61,4.89,2.31
30/10/2021,Team11,Team12,3,1,H,1.46,4.28,7.47,1.51,4.41,7.69
30/10/2021,Team18,Team6,1,2,D,2.17,5.4,2.48,2.23,5.56,2.55
31/10/2021,Team16,Team15,1,0,H,2.79,4.17,2.21,2.87,4.29,2.28
31/10/2021,Team6,Team1,0,0,A,4.66,5.61,1.52,4.79,5.77,1.57
31/10/2021,Team6,Team18,2,1,H,1.92,4.11,3.5,1.97,4.23,3.61
31/10/2021,Team5,Team3,1,1,A,1.23,6.16,12.91,1.27,6.34,13.29
01/11/2021,Team10,Team8,3,1,D,2.28,4.89,2.45,2.35,5.04,2.53
01/11/2021,Team1,Team17,3,0,H,1.62,3.95,5.57,1.67,4.07,5.73
01/11/2021,Team8,Team17,3,1,D,1.54,5.35,4.64,1.59,5.5,4.77
01/11/2021,Team14,Team9,1,1,A,2.53,8.3,1.87,2.61,8.55,1.93
02/11/2021,Team14,Team16,0,0,H,2.72,4.21,2.25,2.8,4.33,2.32
02/11/2021,Team7,Team17,4,0,H,1.56,4.74,5.02,1.61,4.88,5.17
02/11/2021,Team0,Team11,1,1,H,2.1,5.16,2.63,2.16,5.32,2.71
02/11/2021,Team5,Team17,0,0,A,1.61,5.03,4.37,1.65,5.18,4.5
03/11/2021,Team7,Team17,1,3,A,1.51,4.75,5.68,1.55,4.89,5.84
03/11/2021,Team3,Team13,0,1,A,3.83,5.34,1.66,3.94,5.5,1.71
03/11/2021,Team16,Team17,2,2,A,1.79,6.23,3.04,1.84,6.41,3.13
03/11/2021,Team6,Team2,0,1,D,3.2,5.07,1.85,3.3,5.21,1.9
04/11/2021,Team14,Team17,2,3,H,2.34,5.76,2.23,2.4,5.93,2.3
04/11/2021,Team13,Team14,2,2,A,1.9,4.17,3.52,1.96,4.29,3.63
04/11/2021,Team14,Team3,1,0,H,1.41,5.68,6.1,1.45,5.85,6.28
04/11/2021,Team15,Team5,2,0,H,1.88,4.5,3.39,1.93,4.63,3.49
05/11/2021,Team12,Team14,4,2,H,2.39,5.18,2.28,2.46,5.33,2.34
05/11/2021,Team18,Team5,1,0,A,4.35,4.54,1.67,4.48,4.67,1.72
05/11/2021,Team10,Team19,2,1,H,1.85,4.94,3.25,1.91,5.08,3.34
05/11/2021,Team13,Team1,0,2,A,3.79,4.22,1.82,3.9,4.35,1.87
06/11/2021,Team14,Team1,2,2,A,3.79,5.45,1.66,3.9,5.61,1.71
06/11/2021,Team17,Team7,3,1,H,2.68,6.63,1.9,2.75,6.82,1.96
06/11/2021,Team9,Team6,1,2,A,1.51,5.55,4.77,1.56,5.71,4.91
06/11/2021,Team17,Team3,0,3,A,1.61,3.9,5.81,1.66,4.01,5.98
07/11/2021,Team14,Team12,1,1,H,1.86,4.05,3.75,1.92,4.17,3.86
07/11/2021,Team19,Team0,0,1,A,3.06,3.89,2.15,3.14,4.0,2.21
07/11/2021,Team17,Team18,1,1,H,1.7,5.24,3.7,1.75,5.4,3.81
07/11/2021,Team7,Team6,3,1,H,1.43,5.42,5.98,1.47,5.58,6.15
08/11/2021,Team3,Team15,1,1,H,6.5,6.48,1.35,6.69,6.67,1.39
08/11/2021,Team19,Team16,2,0,A,2.38,4.9,2.35,2.45,5.05,2.42
08/11/2021,Team8,Team16,2,0,H,1.88,4.03,3.7,1.94,4.15,3.8
08/11/2021,Team7,Team1,0,0,A,2.22,4.35,2.71,2.28,4.48,2.79
09/11/2021,Team7,Team12,1,3,A,1.4,4.43,9.27,1.44,4.56,9.54
09/11/2021,Team14,Team8,3,0,H,2.78,5.66,1.95,2.86,5.83,2.01
09/11/2021,Team1,Team15,3,2,H,2.0,4.5,3.06,2.06,4.63,3.15
09/11/2021,Team5,Team7,1,5,A,2.29,3.93,2.79,2.36,4.05,2.87
10/11/2021,Team9,Team10,1,2,D,1.9,4.26,3.46,1.96,4.39,3.56
10/11/2021,Team7,Team1,0,1,A,2.33,4.29,2.58,2.4,4.41,2.66
10/11/2021,Team16,Team5,0,2,A,2.35,6.27,2.15,2.42,6.45,2.22
10/11/2021,Team12,Team4,0,3,D,6.96,5.16,1.4,7.17,5.31,1.44
11/11/2021,Team19,Team12,1,0,A,1.81,4.62,3.57,1.86,4.75,3.67
11/11/2021,Team14,Team16,1,2,A,2.76,4.13,2.24,2.84,4.25,2.31
11/11/2021,Team15,Team8,1,1,A,2.05,4.93,2.78,2.11,5.08,2.86
11/11/2021,Team10,Team7,2,2,H,2.77,4.17,2.23,2.85,4.3,2.29
12/11/2021,Team5,Team10,2,0,H,1.8,5.18,3.31,1.86,5.33,3.4
12/11/2021,Team7,Team2,1,1,H,1.91,5.49,2.9,1.97,5.65,2.98
12/11/2021,Team3,Team10,2,1,A,3.83,5.09,1.69,3.95,5.24,1.74
12/11/2021,Team1,Team6,1,0,A,1.39,5.09,7.36,1.43,5.24,7.58
13/11/2021,Team17,Team10,0,0,A,2.41,3.72,2.73,2.49,3.83,2.81
13/11/2021,Team12,Team9,1,1,H,4.23,3.97,1.78,4.35,4.09,1.83
13/11/2021,Team4,Team0,2,2,H,1.69,5.15,3.8,1.74,5.3,3.91
13/11/2021,Team4,Team18,0,1,H,1.41,4.67,8.0,1.45,4.81,8.23
14/11/2021,Team18,Team17,1,1,D,2.66,3.89,2.4,2.74,4.0,2.47
14/11/2021,Team15,Team11,3,0,H,2.18,4.02,2.91,2.25,4.14,3.0
14/11/2021,Team17,Team15,1,1,H,3.03,4.53,2.0,3.12,4.66,2.06
14/11/2021,Team0,Team18,1,0,H,1.58,4.76,4.84,1.63,4.9,4.98
15/11/2021,Team9,Team7,0,2,A,2.32,5.27,2.33,2.38,5.43,2.4
15/11/2021,Team2,Team14,2,0,H,1.59,4.8,4.66,1.64,4.94,4.8
15/11/2021,Team8,Team7,1,2,A,2.38,4.45,2.47,2.45,4.58,2.54
15/11/2021,Team14,Team5,2,0,H,3.2,4.98,1.86,3.29,5.12,1.92
16/11/2021,Team13,Team10,0,1,A,2.06,6.48,2.44,2.12,6.67,2.51
16/11/2021,Team2,Team6,0,1,H,1.6,3.69,6.46,1.65,3.8,6.65
16/11/2021,Team14,Team3,0,2,H,1.45,6.06,5.07,1.5,6.24,5.22
16/11/2021,Team19,Team13,0,0,A,2.26,4.62,2.56,2.33,4.75,2.63
17/11/2021,Team11,Team18,1,0,D,1.41,4.92,7.17,1.46,5.07,7.38
17/11/2021,Team8,Team14,3,0,H,1.49,5.37,5.2,1.53,5.53,5.36
17/11/2021,Team0,Team13,1,1,A,1.58,6.26,3.9,1.62,6.44,4.02
17/11/2021,Team10,Team17,2,2,D,1.74,5.01,3.65,1.79,5.15,3.76
18/11/2021,Team8,Team13,1,0,H,1.67,4.66,4.24,1.72,4.79,4.36
18/11/2021,Team7,Team18,2,3,H,1.39,5.65,6.42,1.44,5.82,6.61
18/11/2021,Team9,Team3,1,3,H,1.38,5.05,7.81,1.42,5.2,8.03
18/11/2021,Team15,Team11,2,2,H,2.0,5.07,2.83,2.06,5.22,2.91
19/11/2021,Team0,Team3,1,2,A,1.32,6.13,7.89,1.35,6.31,8.12
19/11/2021,Team11,Team9,1,1,A,1.86,4.17,3.65,1.92,4.3,3.76
19/11/2021,Team17,Team10,0,0,A,2.37,4.44,2.48,2.44,4.57,2.55
19/11/2021,Team17,Team1,3,4,D,3.61,5.42,1.7,3.72,5.58,1.75
20/11/2021,Team15,Team10,2,2,A,1.75,4.48,3.94,1.8,4.62,4.05
20/11/2021,Team8,Team4,1,4,D,2.66,4.1,2.32,2.74,4.22,2.39
20/11/2021,Team8,Team15,0,2,A,2.29,4.03,2.74,2.35,4.15,2.82
20/11/2021,Team9,Team7,2,2,H,2.06,5.74,2.56,2.12,5.91,2.64
21/11/2021,Team7,Team13,4,1,H,1.52,5.36,4.89,1.56,5.52,5.03
21/11/2021,Team9,Team14,0,0,D,1.58,5.58,4.2,1.63,5.74,4.32
21/11/2021,Team13,Team5,0,1,H,2.63,4.97,2.13,2.71,5.12,2.2
21/11/2021,Team12,Team8,0,2,A,3.52,4.94,1.77,3.63,5.08,1.83
22/11/2021,Team18,Team15,1,2,H,4.09,6.88,1.51,4.21,7.08,1.56
22/11/2021,Team12,Team19,1,2,A,2.49,5.27,2.18,2.56,5.42,2.24
22/11/2021,Team12,Team4,0,1,A,5.39,5.16,1.49,5.55,5.31,1.53
22/11/2021,Team2,Team18,0,2,D,1.51,4.56,6.01,1.55,4.69,6.18
23/11/2021,Team11,Team14,2,1,D,1.53,4.89,5.21,1.58,5.03,5.36
23/11/2021,Team8,Team12,1,3,H,1.51,4.09,6.91,1.56,4.21,7.11
23/11/2021,Team14,Team6,0,0,H,2.07,4.11,3.08,2.13,4.23,3.18
23/11/2021,Team18,Team4,1,0,A,5.5,4.14,1.6,5.66,4.26,1.64
24/11/2021,Team6,Team16,3,0,H,2.76,6.17,1.9,2.84,6.36,1.96
24/11/2021,Team2,Team13,3,2,H,1.7,4.4,4.24,1.75,4.53,4.37
24/11/2021,Team8,Team4,1,0,A,2.66,4.56,2.2,2.74,4.7,2.26
24/11/2021,Team16,Team17,0,4,A,1.76,5.55,3.31,1.81,5.72,3.41
25/11/2021,Team17,Team9,0,2,A,2.96,5.58,1.88,3.04,5.74,1.93
25/11/2021,Team7,Team17,2,1,H,1.72,4.58,3.99,1.77,4.71,4.11
25/11/2021,Team16,Team7,4,3,D,2.72,3.81,2.38,2.8,3.92,2.45
25/11/2021,Team4,Team6,1,1,H,1.47,4.03,8.38,1.51,4.14,8.63
26/11/2021,Team4,Team5,0,1,A,1.61,5.52,4.02,1.66,5.68,4.14
26/11/2021,Team5,Team9,2,1,H,1.99,4.68,2.99,2.05,4.82,3.08
26/11/2021,Team6,Team5,1,0,H,3.7,3.89,1.91,3.81,4.0,1.97
26/11/2021,Team19,Team3,0,2,H,1.39,4.52,9.09,1.43,4.65,9.36
27/11/2021,Team2,Team8,1,2,D,1.99,4.58,3.03,2.05,4.72,3.12
27/11/2021,Team17,Team8,2,1,A,2.72,5.46,2.0,2.8,5.62,2.06
27/11/2021,Team6,Team1,2,2,H,4.19,4.43,1.71,4.32,4.56,1.76
27/11/2021,Team1,Team3,4,0,H,1.23,4.69,46.19,1.26,4.83,47.55
28/11/2021,Team9,Team6,4,2,D,1.53,5.36,4.73,1.58,5.51,4.86
28/11/2021,Team3,Team9,1,4,D,6.04,4.9,1.47,6.22,5.05,1.51
28/11/2021,Team7,Team2,5,1,H,1.85,4.86,3.31,1.9,5.0,3.4
28/11/2021,Team2,Team12,2,0,H,1.4,4.8,7.84,1.44,4.94,8.07
29/11/2021,Team4,Team18,1,3,H,1.38,4.5,9.87,1.42,4.64,10.17
29/11/2021,Team9,Team6,1,1,H,1.58,5.43,4.32,1.62,5.59,4.44
29/11/2021,Team5,Team15,2,1,H,2.38,4.5,2.45,2.45,4.64,2.52
29/11/2021,Team3,Team0,1,0,D,6.88,4.52,1.46,7.09,4.66,1.51
30/11/2021,Team19,Team4,0,3,D,4.44,4.32,1.68,4.57,4.45,1.73
30/11/2021,Team1,Team10,0,1,H,1.56,4.7,5.06,1.61,4.84,5.21
30/11/2021,Team1,Team15,2,2,A,1.81,5.82,3.08,1.86,5.99,3.17
30/11/2021,Team19,Team5,1,0,A,3.42,4.33,1.9,3.52,4.45,1.96
01/12/2021,Team19,Team15,0,3,A,3.64,4.27,1.85,3.74,4.4,1.9
01/12/2021,Team11,Team13,2,1,H,1.46,5.81,5.22,1.5,5.98,5.37
01/12/2021,Team5,Team13,1,0,H,1.65,4.85,4.19,1.7,5.0,4.32
01/12/2021,Team2,Team1,0,1,H,2.69,4.12,2.29,2.77,4.24,2.36
02/12/2021,Team1,Team2,1,1,D,1.69,3.85,5.03,1.74,3.97,5.18
02/12/2021,Team4,Team14,1,0,D,1.55,3.9,6.7,1.6,4.02,6.89
02/12/2021,Team12,Team11,2,1,D,4.09,4.75,1.68,4.21,4.89,1.73
02/12/2021,Team16,Team18,3,2,A,1.47,5.34,5.52,1.51,5.5,5.68
03/12/2021,Team11,Team12,3,0,H,1.44,4.84,6.72,1.48,4.98,6.92
03/12/2021,Team2,Team0,2,1,A,2.22,4.97,2.52,2.28,5.11,2.59
03/12/2021,Team19,Team6,2,1,H,1.92,4.25,3.39,1.98,4.37,3.49
03/12/2021,Team11,Team8,3,1,D,1.92,4.95,3.06,1.98,5.09,3.15
04/12/2021,Team2,Team18,3,0,D,1.5,4.85,5.68,1.54,4.99,5.85
04/12/2021,Team10,Team3,5,0,H,1.51,4.41,6.18,1.56,4.54,6.36
04/12/2021,Team3,Team14,3,0,H,3.57,4.03,1.92,3.67,4.15,1.97
04/12/2021,Team2,Team6,1,2,A,1.46,5.24,5.72,1.5,5.4,5.89
05/12/2021,Team0,Team6,0,2,D,1.57,4.39,5.43,1.61,4.52,5.59
05/12/2021,Team5,Team13,1,1,H,1.53,6.31,4.2,1.58,6.49,4.33
05/12/2021,Team18,Team9,0,1,A,3.63,7.03,1.58,3.74,7.24,1.63
05/12/2021,Team8,Team4,1,1,A,2.93,4.76,2.01,3.02,4.9,2.06
06/12/2021,Team15,Team11,1,2,D,1.82,6.29,2.93,1.87,6.47,3.02
06/12/2021,Team0,Team3,0,1,H,1.32,4.71,12.73,1.36,4.85,13.1
06/12/2021,Team2,Team11,0,2,A,2.36,4.42,2.5,2.43,4.55,2.57
06/12/2021,Team0,Team4,1,4,D,2.46,4.39,2.41,2.53,4.52,2.48
07/12/2021,Team7,Team4,3,0,H,2.49,4.46,2.36,2.56,4.59,2.43
07/12/2021,Team17,Team5,3,0,D,2.97,4.22,2.1,3.05,4.35,2.16
07/12/2021,Team13,Team9,2,0,H,2.45,5.05,2.26,2.52,5.19,2.32
07/12/2021,Team6,Team4,0,1,D,4.84,4.13,1.66,4.98,4.26,1.71
08/12/2021,Team5,Team7,5,1,D,2.14,3.96,3.03,2.2,4.08,3.12
08/12/2021,Team15,Team13,3,0,H,1.57,4.4,5.33,1.62,4.53,5.48
08/12/2021,Team14,Team7,0,2,A,3.57,4.58,1.81,3.68,4.72,1.87
08/12/2021,Team0,Team6,3,1,H,1.44,4.97,6.38,1.49,5.12,6.57
09/12/2021,Team10,Team6,4,0,H,1.64,6.34,3.56,1.68,6.52,3.67
09/12/2021,Team14,Team6,1,2,A,2.11,5.0,2.66,2.17,5.15,2.74
09/12/2021,Team11,Team14,1,1,H,1.45,4.79,6.6,1.49,4.93,6.79
09/12/2021,Team6,Team17,1,4,H,2.38,5.22,2.29,2.45,5.37,2.35
10/12/2021,Team15,Team9,1,1,H,1.73,4.4,4.09,1.78,4.53,4.21
10/12/2021,Team19,Team11,3,4,A,3.19,4.21,2.0,3.29,4.34,2.06
10/12/2021,Team11,Team15,1,2,D,1.91,4.74,3.18,1.96,4.88,3.28
10/12/2021,Team4,Team19,0,1,H,1.47,5.22,5.68,1.51,5.37,5.85
11/12/2021,Team7,Team16,1,2,A,1.58,4.65,4.99,1.62,4.79,5.14
11/12/2021,Team7,Team19,0,1,H,1.63,5.48,3.96,1.67,5.64,4.07
11/12/2021,Team5,Team9,1,0,H,1.92,5.23,2.96,1.98,5.38,3.05
11/12/2021,Team2,Team19,3,0,D,1.74,4.82,3.71,1.8,4.97,3.82
12/12/2021,Team13,Team9,0,2,A,2.79,3.38,2.53,2.88,3.48,2.6
12/12/2021,Team4,Team18,0,1,H,1.47,4.41,7.08,1.51,4.54,7.29
12/12/2021,Team18,Team11,2,1,H,5.04,4.31,1.61,5.19,4.43,1.66
12/12/2021,Team19,Team16,1,0,H,2.15,5.37,2.5,2.22,5.53,2.58
13/12/2021,Team10,Team1,0,0,H,3.37,4.62,1.86,3.47,4.75,1.92
13/12/2021,Team8,Team7,2,1,A,2.4,5.07,2.29,2.48,5.22,2.36
13/12/2021,Team16,Team14,3,0,H,1.77,4.48,3.82,1.82,4.62,3.93
13/12/2021,Team1,Team4,0,0,H,2.18,4.46,2.73,2.24,4.59,2.81
14/12/2021,Team0,Team6,0,0,H,1.56,5.33,4.5,1.61,5.49,4.63
14/12/2021,Team19,Team7,3,1,H,3.77,4.65,1.75,3.88,4.79,1.81
14/12/2021,Team17,Team15,0,0,A,3.51,3.99,1.94,3.62,4.1,2.0
14/12/2021,Team16,Team3,2,1,D,1.47,5.13,5.78,1.51,5.28,5.95
15/12/2021,Team4,Team0,1,1,H,1.69,4.77,4.0,1.74,4.91,4.12
15/12/2021,Team3,Team1,1,1,A,10.86,5.05,1.32,11.18,5.19,1.36
15/12/2021,Team13,Team12,3,0,H,1.7,4.38,4.31,1.75,4.51,4.44
15/12/2021,Team6,Team10,1,3,A,2.68,4.69,2.16,2.75,4.83,2.22
16/12/2021,Team12,Team7,0,0,A,4.77,4.76,1.59,4.91,4.9,1.63
16/12/2021,Team16,Team9,1,1,D,2.35,4.84,2.39,2.42,4.98,2.46
16/12/2021,Team15,Team18,1,2,H,1.47,4.17,7.77,1.51,4.29,8.0
16/12/2021,Team16,Team9,1,3,A,2.39,4.67,2.4,2.46,4.81,2.47
17/12/2021,Team1,Team18,1,1,H,1.33,5.07,9.67,1.37,5.22,9.95
17/12/2021,Team17,Team16,2,2,H,2.64,4.21,2.31,2.72,4.34,2.37
17/12/2021,Team14,Team9,1,3,D,3.12,5.06,1.88,3.22,5.2,1.93
17/12/2021,Team18,Team12,3,1,H,2.11,4.29,2.92,2.17,4.42,3.01
18/12/2021,Team4,Team5,0,2,D,1.73,5.07,3.65,1.78,5.22,3.76
18/12/2021,Team18,Team1,1,1,A,5.6,4.8,1.51,5.77,4.94,1.55
18/12/2021,Team13,Team9,0,0,A,3.0,3.73,2.23,3.09,3.84,2.29
18/12/2021,Team16,Team7,0,2,A,2.62,4.79,2.18,2.7,4.93,2.24
19/12/2021,Team3,Team18,1,2,H,2.32,4.74,2.45,2.39,4.88,2.52
19/12/2021,Team12,Team4,1,0,A,5.0,4.78,1.56,5.15,4.92,1.61
19/12/2021,Team4,Team2,3,1,H,1.78,4.49,3.76,1.83,4.62,3.87
19/12/2021,Team1,Team19,2,1,H,1.52,4.19,6.5,1.57,4.31,6.69
20/12/2021,Team7,Team5,4,1,H,1.9,4.64,3.23,1.96,4.78,3.33
20/12/2021,Team0,Team12,1,1,H,1.41,5.11,6.84,1.45,5.26,7.04
20/12/2021,Team12,Team14,0,1,H,2.14,5.22,2.55,2.21,5.38,2.63
20/12/2021,Team11,Team6,1,2,H,1.44,4.47,7.67,1.48,4.6,7.9
21/12/2021,Team17,Team2,2,0,D,2.85,4.98,2.01,2.94,5.13,2.06
21/12/2021,Team10,Team18,2,1,D,1.61,5.16,4.23,1.66,5.32,4.35
21/12/2021,Team17,Team16,4,2,H,2.75,4.49,2.16,2.83,4.62,2.22
21/12/2021,Team8,Team2,2,0,D,1.98,5.44,2.77,2.04,5.6,2.85
22/12/2021,Team17,Team2,1,0,A,2.85,4.67,2.06,2.93,4.81,2.12
22/12/2021,Team10,Team12,0,0,D,1.49,6.37,4.51,1.53,6.56,4.64
22/12/2021,Team6,Team19,2,0,H,2.56,4.43,2.31,2.63,4.56,2.38
22/12/2021,Team18,Team9,2,1,A,3.61,4.66,1.79,3.72,4.79,1.84
23/12/2021,Team13,Team9,2,1,A,2.63,5.26,2.08,2.71,5.42,2.14
23/12/2021,Team18,Team4,0,2,A,6.82,4.75,1.44,7.02,4.88,1.49
23/12/2021,Team0,Team2,2,2,D,1.92,4.67,3.18,1.97,4.8,3.28
23/12/2021,Team17,Team6,2,2,A,1.82,5.84,3.04,1.87,6.01,3.13
24/12/2021,Team18,Team11,1,2,D,3.84,7.1,1.54,3.96,7.31,1.59
24/12/2021,Team16,Team3,3,2,H,1.38,6.01,6.19,1.43,6.19,6.37
24/12/2021,Team10,Team5,5,1,A,2.56,4.07,2.42,2.64,4.19,2.49
24/12/2021,Team9,Team2,1,0,A,2.17,4.27,2.81,2.24,4.4,2.89
25/12/2021,Team13,Team3,1,0,A,1.45,6.2,4.99,1.5,6.38,5.14
25/12/2021,Team9,Team11,1,1,H,2.12,5.21,2.58,2.18,5.36,2.66
25/12/2021,Team18,Team5,2,1,D,3.92,4.36,1.77,4.03,4.49,1.82
25/12/2021,Team18,Team0,2,2,A,3.95,4.2,1.79,4.06,4.32,1.84
26/12/2021,Team5,Team17,4,1,H,1.64,4.33,4.8,1.69,4.46,4.94
26/12/2021,Team0,Team11,2,0,H,2.19,5.09,2.52,2.26,5.24,2.59
26/12/2021,Team5,Team15,2,1,H,2.06,5.32,2.65,2.13,5.47,2.73
26/12/2021,Team14,Team4,0,2,A,3.88,5.35,1.65,3.99,5.51,1.7
27/12/2021,Team14,Team11,1,0,A,3.44,4.71,1.83,3.54,4.85,1.88
27/12/2021,Team18,Team7,0,0,A,4.1,5.64,1.59,4.22,5.81,1.64
27/12/2021,Team13,Team12,4,1,D,1.69,4.22,4.49,1.74,4.35,4.62
27/12/2021,Team17,Team9,1,3,D,2.55,4.14,2.4,2.63,4.26,2.47
28/12/2021,Team13,Team15,3,1,D,2.83,4.5,2.11,2.92,4.63,2.17
28/12/2021,Team8,Team9,2,1,H,1.99,4.85,2.93,2.05,4.99,3.01
28/12/2021,Team6,Team17,1,1,D,2.36,5.29,2.29,2.43,5.45,2.35
28/12/2021,Team12,Team4,0,0,A,5.92,4.24,1.55,6.1,4.36,1.6
29/12/2021,Team12,Team14,0,1,A,2.24,4.6,2.59,2.3,4.73,2.67
29/12/2021,Team0,Team17,0,2,H,1.71,4.56,4.05,1.76,4.69,4.17
29/12/2021,Team10,Team4,2,2,A,3.46,5.31,1.75,3.56,5.47,1.8
29/12/2021,Team12,Team10,2,5,A,2.83,5.23,1.98,2.91,5.39,2.04
30/12/2021,Team9,Team7,1,0,A,2.49,4.03,2.5,2.56,4.15,2.57
30/12/2021,Team9,Team5,3,2,H,2.21,5.71,2.37,2.28,5.88,2.44
30/12/2021,Team0,Team1,0,3,D,2.51,5.07,2.2,2.59,5.22,2.26
30/12/2021,Team12,Team17,0,2,H,2.42,4.95,2.3,2.49,5.09,2.37
31/12/2021,Team2,Team14,3,0,H,1.55,4.68,5.27,1.59,4.82,5.43
31/12/2021,Team5,Team9,5,0,H,2.01,4.87,2.87,2.07,5.02,2.96
31/12/2021,Team2,Team9,1,2,A,2.13,4.32,2.87,2.19,4.44,2.95
31/12/2021,Team12,Team3,1,2,H,1.6,6.34,3.75,1.65,6.53,3.86
01/01/2022,Team15,Team18,3,1,D,1.45,4.28,7.99,1.49,4.41,8.22
01/01/2022,Team18,Team12,1,2,D,1.98,5.2,2.84,2.03,5.36,2.93
01/01/2022,Team2,Team18,2,0,H,1.57,4.38,5.37,1.62,4.51,5.53
01/01/2022,Team14,Team3,0,1,H,1.56,4.96,4.86,1.6,5.11,5.0
02/01/2022,Team15,Team7,2,0,H,2.2,4.66,2.63,2.26,4.8,2.7
02/01/2022,Team19,Team3,0,0,H,1.44,4.99,6.4,1.48,5.13,6.59
02/01/2022,Team5,Team1,0,1,A,2.5,4.75,2.28,2.57,4.89,2.35
02/01/2022,Team3,Team10,1,0,H,5.64,3.87,1.63,5.8,3.98,1.68
03/01/2022,Team19,Team2,0,1,D,2.9,5.22,1.95,2.99,5.38,2.0
03/01/2022,Team19,Team2,3,2,D,2.77,3.9,2.31,2.85,4.02,2.38
03/01/2022,Team17,Team0,0,2,A,2.99,4.67,2.0,3.08,4.8,2.05
03/01/2022,Team18,Team3,0,0,H,1.76,4.69,3.71,1.81,4.83,3.82
04/01/2022,Team2,Team7,1,0,H,2.29,4.91,2.44,2.36,5.05,2.51
04/01/2022,Team18,Team8,1,1,A,3.73,4.48,1.79,3.84,4.62,1.84
04/01/2022,Team2,Team4,1,0,H,2.63,4.54,2.23,2.7,4.67,2.29
04/01/2022,Team7,Team1,4,0,H,2.11,5.13,2.63,2.17,5.28,2.7
05/01/2022,Team17,Team4,1,0,H,4.91,4.27,1.63,5.05,4.39,1.68
05/01/2022,Team8,Team2,1,0,H,2.15,4.8,2.66,2.21,4.94,2.74
05/01/2022,Team12,Team13,1,0,A,2.59,4.9,2.18,2.66,5.05,2.24
05/01/2022,Team11,Team12,2,1,D,1.42,5.64,6.01,1.46,5.81,6.18
06/01/2022,Team7,Team1,2,1,H,2.09,5.73,2.52,2.15,5.9,2.59
06/01/2022,Team5,Team1,1,0,H,2.27,5.41,2.36,2.33,5.57,2.43
06/01/2022,Team14,Team1,1,6,A,4.22,5.35,1.6,4.35,5.51,1.64
06/01/2022,Team15,Team11,0,1,D,2.1,4.62,2.8,2.16,4.76,2.88
07/01/2022,Team4,Team10,1,0,H,1.62,5.22,4.14,1.67,5.37,4.26
07/01/2022,Team17,Team5,2,0,A,3.06,4.76,1.95,3.15,4.9,2.01
07/01/2022,Team9,Team18,2,2,H,1.54,4.4,5.82,1.58,4.53,5.99
07/01/2022,Team11,Team0,0,1,A,1.88,4.87,3.18,1.94,5.01,3.28
08/01/2022,Team14,Team2,3,1,A,3.55,5.28,1.73,3.65,5.44,1.78
08/01/2022,Team0,Team18,6,0,H,1.55,4.22,5.95,1.6,4.35,6.13
08/01/2022,Team18,Team3,1,3,A,1.81,4.05,3.98,1.87,4.17,4.09
08/01/2022,Team12,Team14,0,2,A,2.39,4.69,2.39,2.46,4.83,2.46
09/01/2022,Team6,Team17,1,2,D,2.44,5.49,2.19,2.51,5.65,2.25
09/01/2022,Team12,Team6,1,2,A,2.3,4.43,2.56,2.37,4.56,2.64
09/01/2022,Team15,Team3,3,1,H,1.32,5.06,10.35,1.36,5.21,10.65
09/01/2022,Team16,Team15,1,5,A,2.78,3.9,2.31,2.86,4.01,2.37
10/01/2022,Team15,Team17,2,2,A,1.49,4.61,6.17,1.53,4.75,6.35
10/01/2022,Team16,Team18,0,2,A,1.52,4.69,5.55,1.57,4.82,5.72
10/01/2022,Team15,Team16,1,0,H,1.68,4.33,4.49,1.73,4.46,4.63
10/01/2022,Team18,Team13,4,2,H,3.1,4.64,1.95,3.2,4.78,2.01
11/01/2022,Team14,Team11,1,2,D,3.94,3.82,1.87,4.06,3.93,1.93
11/01/2022,Team8,Team4,1,2,H,2.89,4.48,2.08,2.97,4.61,2.14
11/01/2022,Team5,Team0,5,0,D,1.79,5.95,3.08,1.85,6.12,3.18
11/01/2022,Team14,Team12,2,0,D,1.86,5.38,3.06,1.91,5.54,3.15
12/01/2022,Team6,Team14,1,0,D,1.8,6.19,3.02,1.85,6.37,3.1
12/01/2022,Team6,Team5,0,2,A,4.92,3.44,1.8,5.07,3.54,1.85
12/01/2022,Team11,Team12,1,1,H,1.46,4.37,7.25,1.51,4.5,7.46
12/01/2022,Team7,Team12,4,1,H,1.38,5.13,7.59,1.42,5.28,7.82
13/01/2022,Team8,Team18,3,0,H,1.41,5.37,6.42,1.45,5.53,6.61
13/01/2022,Team4,Team16,1,1,H,1.65,4.89,4.16,1.7,5.04,4.28
13/01/2022,Team5,Team2,1,1,D,1.95,3.67,3.79,2.01,3.78,3.9
13/01/2022,Team12,Team14,0,1,A,2.18,4.97,2.57,2.24,5.12,2.64
14/01/2022,Team3,Team1,2,0,A,6.83,4.98,1.42,7.03,5.12,1.47
14/01/2022,Team19,Team10,0,0,D,2.3,4.99,2.41,2.37,5.14,2.48
14/01/2022,Team1,Team16,3,0,D,1.63,4.2,5.0,1.68,4.33,5.14
14/01/2022,Team2,Team1,0,0,A,2.77,5.0,2.04,2.85,5.14,2.1
15/01/2022,Team0,Team12,1,2,A,1.52,4.95,5.23,1.57,5.1,5.39
15/01/2022,Team18,Team12,3,1,H,2.17,5.13,2.53,2.24,5.28,2.61
15/01/2022,Team5,Team7,3,2,H,2.3,4.5,2.55,2.36,4.63,2.63
15/01/2022,Team16,Team15,0,2,A,3.07,4.51,1.99,3.16,4.65,2.05
16/01/2022,Team4,Team0,1,1,H,1.69,4.88,3.95,1.74,5.02,4.07
16/01/2022,Team2,Team4,0,1,A,2.43,4.42,2.43,2.5,4.55,2.5
16/01/2022,Team4,Team13,2,2,A,1.53,4.81,5.35,1.57,4.95,5.51
16/01/2022,Team0,Team1,2,0,D,2.7,4.05,2.31,2.77,4.17,2.38
17/01/2022,Team14,Team0,2,3,D,3.7,4.99,1.73,3.81,5.13,1.78
17/01/2022,Team1,Team5,2,0,H,1.79,4.97,3.45,1.84,5.12,3.55
17/01/2022,Team5,Team15,2,0,D,2.25,4.28,2.69,2.32,4.4,2.77
17/01/2022,Team14,Team4,0,0,A,4.1,5.15,1.63,4.22,5.31,1.68
18/01/2022,Team10,Team9,1,3,A,2.38,4.43,2.48,2.45,4.56,2.55
18/01/2022,Team3,Team19,0,1,H,3.35,4.79,1.84,3.44,4.94,1.9
18/01/2022,Team16,Team10,0,5,A,2.24,5.58,2.36,2.31,5.75,2.43
18/01/2022,Team8,Team10,0,2,A,1.81,5.55,3.14,1.87,5.71,3.24
19/01/2022,Team16,Team6,3,1,H,1.4,6.83,5.28,1.44,7.03,5.43
19/01/2022,Team8,Team6,2,0,H,1.54,4.69,5.34,1.58,4.83,5.5
19/01/2022,Team19,Team2,2,1,D,2.63,5.86,2.0,2.71,6.03,2.06
19/01/2022,Team7,Team3,1,1,H,1.31,5.29,10.3,1.35,5.45,10.6
20/01/2022,Team19,Team0,1,2,A,2.76,4.3,2.2,2.84,4.42,2.26
20/01/2022,Team15,Team13,3,0,D,1.53,5.1,4.94,1.58,5.25,5.09
20/01/2022,Team13,Team3,0,0,H,1.49,4.27,6.81,1.54,4.4,7.01
20/01/2022,Team0,Team15,0,0,A,2.08,6.24,2.45,2.14,6.43,2.52
21/01/2022,Team3,Team0,0,2,A,4.98,4.39,1.61,5.12,4.52,1.66
21/01/2022,Team18,Team10,1,1,D,2.92,5.2,1.94,3.01,5.35,2.0
21/01/2022,Team1,Team17,1,0,H,1.6,4.15,5.5,1.64,4.27,5.66
21/01/2022,Team7,Team12,1,3,A,1.39,4.7,8.36,1.43,4.83,8.6
22/01/2022,Team19,Team15,4,0,H,3.28,5.57,1.77,3.38,5.74,1.82
22/01/2022,Team13,Team7,1,0,H,2.94,5.24,1.93,3.02,5.4,1.98
22/01/2022,Team17,Team8,0,2,A,2.66,5.05,2.1,2.74,5.2,2.16
22/01/2022,Team13,Team0,1,4,D,2.71,4.65,2.15,2.79,4.78,2.21
23/01/2022,Team16,Team6,1,1,D,1.84,4.66,3.41,1.9,4.79,3.51
23/01/2022,Team8,Team2,1,0,D,2.05,4.98,2.76,2.11,5.12,2.84
23/01/2022,Team11,Team15,1,1,D,2.31,4.85,2.44,2.38,4.99,2.51
23/01/2022,Team7,Team4,1,1,A,2.36,4.74,2.41,2.43,4.88,2.48
24/01/2022,Team9,Team5,1,1,H,2.28,4.97,2.43,2.35,5.11,2.51
24/01/2022,Team12,Team7,2,1,H,3.68,9.38,1.49,3.78,9.65,1.53
24/01/2022,Team8,Team9,0,1,A,2.05,5.02,2.75,2.11,5.17,2.83
24/01/2022,Team15,Team6,1,1,H,1.47,4.54,6.73,1.51,4.67,6.93
25/01/2022,Team5,Team13,4,3,D,1.68,4.27,4.53,1.73,4.39,4.66
25/01/2022,Team0,Team4,3,0,H,2.47,5.26,2.19,2.55,5.42,2.26
25/01/2022,Team9,Team17,1,2,A,1.63,4.47,4.71,1.68,4.6,4.85
25/01/2022,Team11,Team12,2,4,D,1.39,5.59,6.65,1.43,5.76,6.85
26/01/2022,Team17,Team11,1,1,A,3.27,4.04,2.01,3.36,4.16,2.07
26/01/2022,Team18,Team10,1,0,A,3.44,4.65,1.84,3.55,4.79,1.89
26/01/2022,Team6,Team1,0,0,A,4.4,6.69,1.48,4.53,6.89,1.53
26/01/2022,Team2,Team15,4,2,A,2.3,6.17,2.2,2.37,6.35,2.27
27/01/2022,Team0,Team10,2,0,D,1.86,5.46,3.05,1.91,5.62,3.14
27/01/2022,Team4,Team17,1,1,H,1.6,3.95,5.88,1.64,4.06,6.05
27/01/2022,Team13,Team11,1,1,A,2.99,4.24,2.09,3.07,4.36,2.15
27/01/2022,Team10,Team18,2,1,H,1.75,3.9,4.53,1.8,4.01,4.66
28/01/2022,Team6,Team11,3,1,H,4.82,4.57,1.6,4.96,4.71,1.65
28/01/2022,Team3,Team11,0,2,A,5.72,4.42,1.54,5.88,4.55,1.59
28/01/2022,Team8,Team3,2,0,H,1.36,4.21,12.64,1.4,4.33,13.01
28/01/2022,Team5,Team15,1,1,H,2.17,4.15,2.88,2.23,4.27,2.96
29/01/2022,Team19,Team11,4,0,A,2.85,5.04,2.0,2.94,5.19,2.05
29/01/2022,Team19,Team15,2,1,A,3.4,5.54,1.74,3.5,5.7,1.79
29/01/2022,Team7,Team12,0,0,H,1.42,4.6,7.75,1.46,4.74,7.98
29/01/2022,Team11,Team4,1,3,A,2.22,5.46,2.4,2.29,5.63,2.47
30/01/2022,Team12,Team7,1,2,D,5.46,5.21,1.48,5.62,5.36,1.53
30/01/2022,Team10,Team6,0,1,H,1.69,4.62,4.11,1.74,4.76,4.23
30/01/2022,Team13,Team10,4,0,H,2.19,3.85,2.99,2.26,3.97,3.08
30/01/2022,Team4,Team3,1,3,D,1.35,4.21,13.46,1.39,4.33,13.86
31/01/2022,Team18,Team11,1,3,A,4.15,5.65,1.58,4.27,5.82,1.63
31/01/2022,Team11,Team10,0,1,H,1.84,4.49,3.53,1.89,4.62,3.63
31/01/2022,Team13,Team9,1,2,A,2.42,5.02,2.29,2.49,5.17,2.35
31/01/2022,Team1,Team12,1,2,H,1.5,3.94,7.85,1.54,4.06,8.08
01/02/2022,Team11,Team0,2,2,H,2.08,4.26,2.98,2.14,4.38,3.07
01/02/2022,Team6,Team8,2,1,H,3.87,4.32,1.79,3.98,4.44,1.84
01/02/2022,Team6,Team13,1,4,D,2.54,4.02,2.45,2.61,4.14,2.53
01/02/2022,Team17,Team1,2,5,A,3.93,5.33,1.65,4.04,5.48,1.69
02/02/2022,Team7,Team10,4,2,H,1.67,5.0,3.96,1.72,5.15,4.07
02/02/2022,Team12,Team7,1,0,H,4.46,3.82,1.77,4.59,3.93,1.82
02/02/2022,Team9,Team0,0,2,A,2.04,4.91,2.81,2.1,5.06,2.89
02/02/2022,Team15,Team14,1,3,A,1.39,4.63,8.63,1.43,4.77,8.89
03/02/2022,Team17,Team9,1,3,A,2.93,5.14,1.95,3.01,5.29,2.0
03/02/2022,Team15,Team8,1,0,H,1.78,5.79,3.18,1.83,5.96,3.28
03/02/2022,Team9,Team4,2,2,D,2.47,5.53,2.15,2.55,5.69,2.21
03/02/2022,Team17,Team7,3,2,A,4.26,4.2,1.73,4.39,4.33,1.78
04/02/2022,Team18,Team4,0,0,A,5.46,5.1,1.49,5.62,5.25,1.53
04/02/2022,Team0,Team9,1,1,A,1.82,5.3,3.21,1.87,5.46,3.3
04/02/2022,Team6,Team19,2,1,A,2.37,4.28,2.53,2.44,4.41,2.6
04/02/2022,Team15,Team1,4,0,H,2.19,5.05,2.53,2.25,5.2,2.61
05/02/2022,Team11,Team0,0,0,H,1.81,5.31,3.23,1.87,5.47,3.32
05/02/2022,Team11,Team4,0,2,A,2.32,5.43,2.3,2.39,5.59,2.37
05/02/2022,Team16,Team14,0,1,H,1.61,6.95,3.5,1.66,7.15,3.6
05/02/2022,Team6,Team14,0,0,H,2.24,4.45,2.64,2.31,4.58,2.72
06/02/2022,Team7,Team17,2,0,A,1.43,5.4,6.05,1.47,5.56,6.22
06/02/2022,Team16,Team11,1,3,A,2.41,4.56,2.41,2.48,4.69,2.48
06/02/2022,Team14,Team19,1,0,H,2.36,5.63,2.23,2.43,5.79,2.3
06/02/2022,Team1,Team4,0,2,A,2.16,5.33,2.51,2.22,5.49,2.58
07/02/2022,Team19,Team12,1,2,H,1.74,4.51,3.95,1.79,4.65,4.06
07/02/2022,Team0,Team10,0,0,H,1.81,5.15,3.31,1.86,5.3,3.4
07/02/2022,Team14,Team15,0,2,A,4.05,4.5,1.72,4.17,4.63,1.77
07/02/2022,Team14,Team2,2,0,A,3.27,4.47,1.92,3.37,4.6,1.98
08/02/2022,Team1,Team2,0,1,A,1.74,5.17,3.55,1.79,5.33,3.65
08/02/2022,Team10,Team13,1,0,H,1.97,4.1,3.35,2.03,4.22,3.45
08/02/2022,Team3,Team14,2,2,A,3.13,5.46,1.83,3.22,5.62,1.88
08/02/2022,Team6,Team18,2,1,D,1.99,4.82,2.94,2.05,4.96,3.03
09/02/2022,Team2,Team13,1,0,A,1.76,4.76,3.68,1.81,4.9,3.79
09/02/2022,Team9,Team13,0,1,A,1.94,4.69,3.1,2.0,4.83,3.19
09/02/2022,Team2,Team4,2,1,D,2.7,4.19,2.27,2.78,4.31,2.33
09/02/2022,Team11,Team3,1,0,H,1.39,4.58,9.07,1.43,4.71,9.33
10/02/2022,Team1,Team17,2,3,H,1.4,4.43,9.31,1.44,4.56,9.58
10/02/2022,Team12,Team17,3,1,H,2.2,5.65,2.39,2.27,5.82,2.46
10/02/2022,Team3,Team18,1,3,A,2.49,4.43,2.36,2.57,4.56,2.43
10/02/2022,Team1,Team13,2,0,H,1.52,5.18,5.02,1.57,5.33,5.17
11/02/2022,Team3,Team16,1,1,H,4.67,4.72,1.6,4.81,4.86,1.65
11/02/2022,Team1,Team3,1,2,H,1.31,4.53,14.57,1.35,4.66,14.99
11/02/2022,Team1,Team2,4,0,H,1.72,4.8,3.84,1.77,4.94,3.96
11/02/2022,Team7,Team5,3,0,H,1.7,5.63,3.52,1.75,5.79,3.62
12/02/2022,Team11,Team1,1,3,H,2.25,5.49,2.36,2.32,5.65,2.43
12/02/2022,Team5,Team3,2,0,H,1.28,4.05,46.68,1.32,4.16,48.06
12/02/2022,Team12,Team3,2,0,H,1.62,5.24,4.16,1.66,5.4,4.28
12/02/2022,Team5,Team9,0,3,A,1.76,7.09,2.94,1.81,7.3,3.02
13/02/2022,Team19,Team16,0,1,H,2.27,4.96,2.45,2.34,5.11,2.52
13/02/2022,Team1,Team2,0,0,H,1.53,7.25,3.87,1.58,7.47,3.98
13/02/2022,Team17,Team10,1,2,A,2.4,4.25,2.51,2.47,4.38,2.59
13/02/2022,Team17,Team14,0,1,H,1.89,4.35,3.45,1.94,4.48,3.55
14/02/2022,Team5,Team12,3,3,D,1.44,4.22,8.53,1.48,4.34,8.79
14/02/2022,Team3,Team8,0,1,A,8.22,4.04,1.47,8.46,4.16,1.51
14/02/2022,Team14,Team13,1,2,D,2.55,4.24,2.37,2.62,4.37,2.44
14/02/2022,Team1,Team13,1,1,H,1.48,5.55,5.17,1.52,5.72,5.33
15/02/2022,Team2,Team4,1,2,H,2.7,4.18,2.27,2.78,4.3,2.34
15/02/2022,Team4,Team14,2,1,H,1.52,3.79,7.77,1.57,3.9,8.0
15/02/2022,Team12,Team19,5,4,H,2.8,4.93,2.04,2.89,5.07,2.1
15/02/2022,Team13,Team10,0,1,D,2.31,5.06,2.38,2.38,5.21,2.45
16/02/2022,Team2,Team3,0,1,H,1.41,4.49,8.63,1.45,4.62,8.88
16/02/2022,Team7,Team14,1,2,D,1.56,4.61,5.23,1.6,4.75,5.39
16/02/2022,Team15,Team18,1,2,H,1.39,4.98,7.75,1.43,5.13,7.98
16/02/2022,Team11,Team1,0,1,A,2.61,4.59,2.23,2.69,4.73,2.29
17/02/2022,Team2,Team3,1,0,H,1.33,5.06,10.01,1.37,5.21,10.3
17/02/2022,Team13,Team16,1,1,H,1.95,5.92,2.72,2.01,6.09,2.8
17/02/2022,Team13,Team4,0,2,H,3.69,4.29,1.83,3.8,4.42,1.88
17/02/2022,Team16,Team2,2,3,A,2.4,4.82,2.34,2.48,4.96,2.41
18/02/2022,Team3,Team5,0,2,A,6.22,5.66,1.4,6.41,5.83,1.44
18/02/2022,Team2,Team3,2,1,H,1.3,4.4,18.16,1.34,4.53,18.69
18/02/2022,Team17,Team5,3,2,A,2.52,7.28,1.94,2.6,7.5,1.99
18/02/2022,Team15,Team7,0,3,D,2.16,4.14,2.89,2.23,4.27,2.97
19/02/2022,Team9,Team19,0,2,H,1.72,6.2,3.25,1.77,6.38,3.35
19/02/2022,Team11,Team0,1,1,H,2.0,4.43,3.08,2.06,4.56,3.17
19/02/2022,Team16,Team14,0,1,A,1.75,4.18,4.18,1.8,4.3,4.3
19/02/2022,Team12,Team9,4,0,A,3.7,6.05,1.63,3.81,6.23,1.67
20/02/2022,Team17,Team11,1,1,H,3.2,4.71,1.9,3.3,4.85,1.96
20/02/2022,Team1,Team16,4,3,D,1.7,4.42,4.23,1.75,4.55,4.36
20/02/2022,Team10,Team3,3,3,A,1.43,4.8,7.09,1.47,4.94,7.3
20/02/2022,Team2,Team6,1,1,H,1.54,5.18,4.79,1.59,5.34,4.93
21/02/2022,Team6,Team10,1,0,H,2.97,4.33,2.07,3.06,4.46,2.13
21/02/2022,Team0,Team15,1,1,H,2.34,4.35,2.55,2.41,4.48,2.62
21/02/2022,Team13,Team4,1,2,A,3.51,3.91,1.96,3.61,4.03,2.02
21/02/2022,Team6,Team12,2,1,A,2.07,4.57,2.88,2.13,4.71,2.97
22/02/2022,Team7,Team9,3,0,H,1.87,4.91,3.2,1.93,5.05,3.3
22/02/2022,Team0,Team3,3,0,H,1.39,4.0,12.32,1.43,4.11,12.68
22/02/2022,Team11,Team18,3,0,H,1.32,5.51,9.04,1.36,5.67,9.3
22/02/2022,Team15,Team12,0,0,H,1.49,4.88,5.78,1.53,5.02,5.95
23/02/2022,Team2,Team6,1,3,H,1.57,5.02,4.7,1.61,5.17,4.84
23/02/2022,Team15,Team12,2,0,H,1.39,5.31,7.04,1.43,5.46,7.25
23/02/2022,Team14,Team11,0,1,A,4.81,4.08,1.67,4.96,4.2,1.72
23/02/2022,Team18,Team7,1,0,A,4.23,4.55,1.69,4.35,4.68,1.73
24/02/2022,Team5,Team3,0,2,H,1.31,4.47,15.34,1.35,4.6,15.8
24/02/2022,Team7,Team2,2,1,H,2.01,4.18,3.2,2.06,4.31,3.3
24/02/2022,Team19,Team15,0,2,A,2.98,4.77,1.98,3.06,4.92,2.04
24/02/2022,Team12,Team17,2,2,D,2.67,3.8,2.43,2.75,3.91,2.5
25/02/2022,Team19,Team5,0,3,A,2.69,5.81,1.97,2.77,5.99,2.03
25/02/2022,Team13,Team11,1,1,A,2.71,5.46,2.01,2.79,5.62,2.07
25/02/2022,Team16,Team15,1,1,H,2.61,4.29,2.31,2.68,4.42,2.38
25/02/2022,Team4,Team1,0,1,A,2.02,5.07,2.79,2.08,5.21,2.87
26/02/2022,Team14,Team2,1,2,D,3.28,4.97,1.84,3.37,5.12,1.89
26/02/2022,Team0,Team3,1,2,H,1.26,6.18,10.65,1.3,6.37,10.96
26/02/2022,Team0,Team1,0,0,H,2.56,5.25,2.13,2.63,5.41,2.2
26/02/2022,Team15,Team2,1,0,H,1.85,5.75,2.98,1.9,5.92,3.07
27/02/2022,Team18,Team0,0,0,H,4.21,4.65,1.67,4.34,4.79,1.72
27/02/2022,Team5,Team0,0,0,H,2.0,4.82,2.91,2.06,4.97,3.0
27/02/2022,Team9,Team18,2,1,H,1.38,5.83,6.54,1.42,6.01,6.73
27/02/2022,Team8,Team11,1,0,A,2.15,5.34,2.52,2.21,5.49,2.59
28/02/2022,Team17,Team14,0,0,A,2.04,5.36,2.67,2.1,5.51,2.75
28/02/2022,Team13,Team11,1,2,H,2.97,4.89,1.97,3.05,5.03,2.03
28/02/2022,Team5,Team18,2,2,D,1.41,4.35,8.85,1.46,4.48,9.11
28/02/2022,Team4,Team11,1,1,A,1.88,4.35,3.47,1.93,4.48,3.57
01/03/2022,Team7,Team12,3,1,H,1.38,5.46,6.9,1.43,5.62,7.1
01/03/2022,Team19,Team7,1,1,A,3.26,4.55,1.91,3.35,4.68,1.97
01/03/2022,Team11,Team13,2,2,D,1.55,5.54,4.48,1.59,5.7,4.61
01/03/2022,Team0,Team1,1,1,H,2.64,4.52,2.22,2.72,4.65,2.29
02/03/2022,Team17,Team3,2,0,H,1.46,4.99,6.15,1.5,5.13,6.34
02/03/2022,Team14,Team19,3,1,D,2.21,5.02,2.51,2.28,5.17,2.58
02/03/2022,Team8,Team18,1,0,H,1.51,3.85,7.9,1.55,3.96,8.13
02/03/2022,Team4,Team1,0,1,A,2.04,4.26,3.07,2.1,4.39,3.16
03/03/2022,Team12,Team3,2,0,H,1.76,4.37,3.94,1.82,4.5,4.05
03/03/2022,Team0,Team4,1,1,D,2.86,4.8,2.03,2.94,4.95,2.09
03/03/2022,Team9,Team12,1,6,D,1.44,4.95,6.5,1.48,5.09,6.69
03/03/2022,Team13,Team3,1,1,H,1.42,5.31,6.25,1.47,5.47,6.43
04/03/2022,Team8,Team3,0,0,H,1.32,5.13,10.33,1.36,5.28,10.64
04/03/2022,Team13,Team15,0,1,A,3.22,4.37,1.96,3.31,4.5,2.02
04/03/2022,Team2,Team4,0,0,A,2.73,4.37,2.2,2.81,4.5,2.26
04/03/2022,Team7,Team10,1,2,H,1.67,5.9,3.57,1.71,6.08,3.67
05/03/2022,Team2,Team0,0,2,A,2.08,4.86,2.75,2.14,5.0,2.83
05/03/2022,Team10,Team19,0,0,H,1.93,4.49,3.23,1.99,4.62,3.33
05/03/2022,Team16,Team14,0,2,A,1.81,4.89,3.4,1.87,5.03,3.5
05/03/2022,Team8,Team16,0,3,A,1.88,4.38,3.45,1.94,4.51,3.55
06/03/2022,Team17,Team8,2,0,D,2.96,4.58,2.03,3.05,4.71,2.08
06/03/2022,Team9,Team15,2,1,D,2.17,4.74,2.64,2.24,4.88,2.72
06/03/2022,Team1,Team7,0,1,H,1.84,5.31,3.15,1.89,5.47,3.24
06/03/2022,Team3,Team1,3,1,D,8.77,4.51,1.4,9.02,4.64,1.44
07/03/2022,Team7,Team8,4,2,D,2.18,3.93,2.98,2.24,4.04,3.06
07/03/2022,Team7,Team13,2,2,H,1.63,4.41,4.73,1.68,4.54,4.87
07/03/2022,Team1,Team9,1,0,H,1.62,5.57,3.95,1.67,5.73,4.06
07/03/2022,Team4,Team19,0,1,D,1.54,4.95,4.98,1.59,5.09,5.13
08/03/2022,Team18,Team12,0,1,H,2.11,4.13,2.99,2.18,4.25,3.08
08/03/2022,Team6,Team18,2,1,H,1.89,3.95,3.75,1.94,4.06,3.86
08/03/2022,Team6,Team15,2,2,A,3.93,6.05,1.59,4.05,6.23,1.63
08/03/2022,Team1,Team10,0,3,A,1.66,4.81,4.17,1.71,4.95,4.3
09/03/2022,Team7,Team16,1,2,H,1.59,7.01,3.57,1.64,7.21,3.68
09/03/2022,Team3,Team15,0,0,A,6.22,3.94,1.57,6.41,4.06,1.62
09/03/2022,Team4,Team5,2,0,H,1.79,4.88,3.49,1.84,5.02,3.59
09/03/2022,Team18,Team17,2,5,A,2.66,4.34,2.25,2.74,4.46,2.32
10/03/2022,Team13,Team17,0,2,H,1.99,4.95,2.88,2.05,5.1,2.97
10/03/2022,Team1,Team16,1,1,D,1.61,4.82,4.51,1.66,4.96,4.64
10/03/2022,Team13,Team18,2,0,D,1.48,4.34,6.88,1.53,4.47,7.08
10/03/2022,Team16,Team17,1,2,A,1.74,5.15,3.57,1.79,5.3,3.67
11/03/2022,Team10,Team15,0,1,A,2.63,4.58,2.21,2.71,4.71,2.28
11/03/2022,Team3,Team4,1,2,A,8.13,4.52,1.42,8.37,4.65,1.46
11/03/2022,Team5,Team19,1,1,A,1.54,4.99,5.0,1.58,5.14,5.15
11/03/2022,Team12,Team19,0,2,H,2.4,4.86,2.34,2.47,5.01,2.41
12/03/2022,Team4,Team17,1,0,A,1.49,4.82,5.87,1.53,4.96,6.05
12/03/2022,Team9,Team19,0,1,D,1.66,4.17,4.83,1.71,4.29,4.97
12/03/2022,Team1,Team4,0,2,A,2.28,4.61,2.54,2.34,4.75,2.61
12/03/2022,Team14,Team16,1,0,H,2.93,4.84,1.99,3.02,4.98,2.05
13/03/2022,Team17,Team3,0,0,H,1.51,4.8,5.56,1.56,4.94,5.72
13/03/2022,Team6,Team9,1,0,D,2.92,4.47,2.07,3.01,4.6,2.13
13/03/2022,Team6,Team16,2,2,H,2.64,4.63,2.2,2.72,4.77,2.26
13/03/2022,Team9,Team2,0,1,A,2.13,4.75,2.7,2.2,4.89,2.78
14/03/2022,Team3,Team4,0,3,A,7.13,5.12,1.4,7.34,5.27,1.44
14/03/2022,Team1,Team8,0,0,A,1.58,5.21,4.43,1.63,5.36,4.56
14/03/2022,Team5,Team17,0,0,H,1.51,5.18,5.11,1.56,5.34,5.26
14/03/2022,Team15,Team19,0,1,H,1.61,5.33,4.17,1.65,5.49,4.29
15/03/2022,Team0,Team13,1,0,H,1.64,4.45,4.64,1.69,4.58,4.78
15/03/2022,Team18,Team6,0,1,D,2.12,4.95,2.66,2.18,5.1,2.74
15/03/2022,Team3,Team10,1,2,A,4.45,4.11,1.72,4.58,4.24,1.77
15/03/2022,Team19,Team3,2,1,H,1.43,5.66,5.77,1.47,5.83,5.94
16/03/2022,Team1,Team6,0,1,H,1.39,6.07,5.97,1.43,6.25,6.15
16/03/2022,Team8,Team14,1,0,D,1.57,5.19,4.56,1.61,5.34,4.7
16/03/2022,Team7,Team9,0,2,A,1.91,4.89,3.1,1.97,5.03,3.19
16/03/2022,Team9,Team6,1,0,A,1.64,4.81,4.31,1.69,4.95,4.44
17/03/2022,Team19,Team11,1,1,H,3.45,4.44,1.87,3.56,4.57,1.92
17/03/2022,Team11,Team6,2,1,H,1.53,4.53,5.74,1.57,4.66,5.91
17/03/2022,Team1,Team5,1,1,H,1.74,5.45,3.45,1.79,5.61,3.55
17/03/2022,Team15,Team6,5,2,D,1.47,4.29,7.23,1.52,4.42,7.44
18/03/2022,Team3,Team2,2,0,A,7.54,4.01,1.5,7.76,4.13,1.54
18/03/2022,Team19,Team9,2,1,D,2.73,4.14,2.26,2.82,4.27,2.32
18/03/2022,Team5,Team4,3,1,H,2.48,4.89,2.26,2.55,5.04,2.33
18/03/2022,Team17,Team14,0,1,A,2.01,4.32,3.11,2.07,4.45,3.2
19/03/2022,Team10,Team0,0,1,A,2.6,4.96,2.15,2.68,5.1,2.22
19/03/2022,Team11,Team2,4,0,H,1.98,4.24,3.23,2.04,4.36,3.32
19/03/2022,Team17,Team2,2,1,D,2.89,4.82,2.01,2.97,4.96,2.07
19/03/2022,Team11,Team13,1,3,H,1.65,4.68,4.37,1.69,4.82,4.5
20/03/2022,Team14,Team8,0,6,A,2.81,5.26,1.98,2.9,5.42,2.04
20/03/2022,Team17,Team7,1,0,A,3.21,5.52,1.79,3.3,5.68,1.85
20/03/2022,Team14,Team6,0,1,A,1.92,4.35,3.33,1.98,4.48,3.43
20/03/2022,Team7,Team14,1,0,A,1.53,5.17,4.96,1.57,5.33,5.1
21/03/2022,Team7,Team14,1,0,H,1.5,5.49,4.98,1.54,5.66,5.13
21/03/2022,Team19,Team1,0,2,A,4.08,4.19,1.77,4.2,4.32,1.82
21/03/2022,Team17,Team1,0,2,A,3.89,4.31,1.78,4.0,4.43,1.84
21/03/2022,Team3,Team17,2,1,A,3.4,4.95,1.81,3.5,5.09,1.86
22/03/2022,Team13,Team0,1,0,A,2.76,4.53,2.14,2.84,4.67,2.2
22/03/2022,Team5,Team0,2,1,D,2.08,5.08,2.68,2.15,5.23,2.76
22/03/2022,Team10,Team12,2,2,H,1.46,5.28,5.64,1.51,5.44,5.8
22/03/2022,Team9,Team8,0,3,A,2.12,4.58,2.77,2.19,4.72,2.85
23/03/2022,Team5,Team15,2,0,H,2.23,5.28,2.42,2.3,5.44,2.5
23/03/2022,Team9,Team5,2,4,D,2.37,5.07,2.32,2.44,5.22,2.39
23/03/2022,Team2,Team13,2,2,H,1.78,4.23,3.95,1.84,4.35,4.07
23/03/2022,Team3,Team16,0,1,A,4.18,5.91,1.56,4.3,6.08,1.61
24/03/2022,Team6,Team4,1,1,A,4.57,3.97,1.72,4.71,4.09,1.78
24/03/2022,Team1,Team13,0,0,H,1.51,4.56,5.91,1.56,4.7,6.09
24/03/2022,Team12,Team9,0,2,A,4.53,4.4,1.66,4.66,4.53,1.71
24/03/2022,Team12,Team1,0,2,A,4.19,6.02,1.55,4.32,6.2,1.59
25/03/2022,Team6,Team7,1,2,D,3.81,4.38,1.79,3.93,4.51,1.84
25/03/2022,Team11,Team3,1,1,A,1.26,4.94,18.27,1.3,5.09,18.81
25/03/2022,Team14,Team2,1,1,D,3.36,5.12,1.79,3.46,5.27,1.85
25/03/2022,Team15,Team5,3,3,H,2.15,4.17,2.9,2.21,4.29,2.99
26/03/2022,Team7,Team0,1,3,D,1.77,4.88,3.56,1.82,5.02,3.66
26/03/2022,Team10,Team5,0,3,D,2.2,5.9,2.35,2.26,6.08,2.42
26/03/2022,Team14,Team1,3,2,A,4.46,4.6,1.64,4.59,4.73,1.69
26/03/2022,Team8,Team10,3,2,H,1.86,5.19,3.12,1.92,5.34,3.21
27/03/2022,Team1,Team13,2,1,D,1.57,3.95,6.24,1.62,4.06,6.42
27/03/2022,Team12,Team14,2,1,H,2.15,4.79,2.65,2.22,4.93,2.73
27/03/2022,Team0,Team12,1,0,H,1.58,4.65,4.97,1.62,4.79,5.11
27/03/2022,Team11,Team18,3,0,H,1.49,4.62,6.14,1.53,4.76,6.32
28/03/2022,Team16,Team0,2,2,H,2.25,5.24,2.41,2.32,5.4,2.48
28/03/2022,Team12,Team11,2,2,D,4.15,4.45,1.71,4.27,4.58,1.76
28/03/2022,Team10,Team1,0,1,A,2.88,5.2,1.96,2.97,5.35,2.02
28/03/2022,Team3,Team2,0,2,A,4.61,6.0,1.5,4.75,6.17,1.54
29/03/2022,Team18,Team12,1,4,A,2.02,6.67,2.48,2.07,6.86,2.55
29/03/2022,Team14,Team7,2,1,D,3.77,5.61,1.65,3.89,5.78,1.7
29/03/2022,Team4,Team8,2,1,H,1.79,4.87,3.51,1.84,5.02,3.62
29/03/2022,Team0,Team15,2,2,H,2.18,5.79,2.39,2.25,5.96,2.46
30/03/2022,Team12,Team0,0,1,H,4.51,4.6,1.64,4.64,4.73,1.69
30/03/2022,Team6,Team7,2,0,A,3.68,4.59,1.79,3.79,4.72,1.84
30/03/2022,Team0,Team16,4,0,H,1.79,4.83,3.51,1.84,4.97,3.61
30/03/2022,Team12,Team13,0,3,A,3.11,4.33,2.01,3.2,4.45,2.07
31/03/2022,Team13,Team19,0,0,D,1.94,4.99,3.0,2.0,5.13,3.09
31/03/2022,Team10,Team14,1,1,H,1.77,4.16,4.09,1.82,4.29,4.21
31/03/2022,Team6,Team3,0,1,A,1.57,4.42,5.3,1.62,4.55,5.46
31/03/2022,Team13,Team10,1,0,H,2.29,4.86,2.45,2.36,5.0,2.53
01/04/2022,Team10,Team7,2,1,H,2.77,3.92,2.31,2.85,4.03,2.37
01/04/2022,Team10,Team11,0,0,H,2.56,4.54,2.28,2.63,4.68,2.35
01/04/2022,Team4,Team13,3,0,H,1.5,4.21,6.81,1.55,4.33,7.01
01/04/2022,Team2,Team18,1,2,H,1.41,4.74,7.74,1.45,4.88,7.97
02/04/2022,Team19,Team3,1,1,H,1.42,4.66,7.7,1.46,4.79,7.92
02/04/2022,Team8,Team6,0,1,D,1.6,4.41,5.05,1.65,4.54,5.2
02/04/2022,Team9,Team13,1,1,A,1.71,4.94,3.8,1.76,5.08,3.91
02/04/2022,Team7,Team8,0,2,H,1.91,4.19,3.49,1.96,4.31,3.59
03/04/2022,Team4,Team0,3,1,D,1.85,4.67,3.38,1.91,4.81,3.48
03/04/2022,Team17,Team3,0,1,D,1.51,3.99,7.27,1.56,4.11,7.48
03/04/2022,Team14,Team6,1,1,H,2.09,4.87,2.74,2.15,5.01,2.82
03/04/2022,Team16,Team15,2,0,H,2.54,5.14,2.16,2.62,5.29,2.23
04/04/2022,Team15,Team7,1,1,A,2.0,5.39,2.74,2.06,5.55,2.82
04/04/2022,Team0,Team3,1,0,H,1.22,6.67,12.35,1.26,6.87,12.71
04/04/2022,Team18,Team3,0,0,A,1.72,4.13,4.43,1.77,4.25,4.56
04/04/2022,Team6,Team5,1,0,D,3.48,4.41,1.86,3.59,4.54,1.92
05/04/2022,Team3,Team1,1,2,A,8.56,6.13,1.3,8.81,6.31,1.34
05/04/2022,Team13,Team14,2,1,D,1.89,4.18,3.55,1.95,4.31,3.65
05/04/2022,Team11,Team4,1,0,H,2.45,4.77,2.32,2.52,4.91,2.38
05/04/2022,Team18,Team0,3,0,D,4.33,5.19,1.6,4.46,5.35,1.64
06/04/2022,Team6,Team10,0,2,H,2.86,4.62,2.06,2.95,4.75,2.13
06/04/2022,Team10,Team14,3,2,H,1.71,5.89,3.38,1.76,6.06,3.48
06/04/2022,Team18,Team8,0,0,A,3.88,4.59,1.74,3.99,4.72,1.79
06/04/2022,Team9,Team18,0,2,A,1.49,5.83,4.83,1.53,6.0,4.97
07/04/2022,Team0,Team5,4,2,H,2.19,4.48,2.71,2.25,4.61,2.79
07/04/2022,Team12,Team8,0,1,D,4.31,5.0,1.62,4.44,5.15,1.67
07/04/2022,Team8,Team7,2,0,H,2.4,4.0,2.61,2.47,4.12,2.68
07/04/2022,Team1,Team17,0,2,A,1.43,6.12,5.39,1.47,6.3,5.55
08/04/2022,Team4,Team19,1,2,A,1.5,4.3,6.55,1.55,4.43,6.74
08/04/2022,Team4,Team17,1,2,A,1.48,4.29,7.03,1.53,4.42,7.24
08/04/2022,Team6,Team4,1,3,D,6.28,3.9,1.58,6.47,4.02,1.62
08/04/2022,Team2,Team0,0,0,A,1.94,5.5,2.83,2.0,5.66,2.91
09/04/2022,Team17,Team10,1,3,A,2.32,5.06,2.37,2.39,5.2,2.44
09/04/2022,Team3,Team2,0,1,D,5.65,4.82,1.5,5.82,4.97,1.55
09/04/2022,Team19,Team5,1,1,A,2.84,5.57,1.93,2.92,5.73,1.99
09/04/2022,Team9,Team19,1,1,H,1.64,5.3,3.96,1.69,5.45,4.07
10/04/2022,Team1,Team5,1,4,H,1.86,3.95,3.85,1.92,4.07,3.96
10/04/2022,Team2,Team4,1,1,A,2.59,4.13,2.37,2.67,4.25,2.44
10/04/2022,Team5,Team16,0,1,D,1.82,4.87,3.39,1.87,5.02,3.49
10/04/2022,Team5,Team9,1,2,D,1.96,5.19,2.88,2.02,5.34,2.96
11/04/2022,Team5,Team1,0,0,H,2.55,6.8,1.96,2.62,7.0,2.02
11/04/2022,Team5,Team2,1,1,D,1.99,5.33,2.78,2.05,5.49,2.86
11/04/2022,Team18,Team12,0,2,D,2.19,4.4,2.73,2.25,4.52,2.81
11/04/2022,Team9,Team15,3,2,H,2.48,4.59,2.33,2.55,4.73,2.4
12/04/2022,Team18,Team13,0,1,A,2.85,5.73,1.91,2.93,5.9,1.96
12/04/2022,Team12,Team0,1,1,A,3.71,5.34,1.69,3.82,5.49,1.74
12/04/2022,Team0,Team13,1,1,H,1.67,4.67,4.23,1.72,4.81,4.36
12/04/2022,Team1,Team7,1,2,A,1.84,4.93,3.3,1.89,5.07,3.39
13/04/2022,Team4,Team11,1,1,A,1.87,4.66,3.34,1.92,4.8,3.44
13/04/2022,Team17,Team3,0,3,D,1.54,6.03,4.27,1.58,6.21,4.4
13/04/2022,Team15,Team18,3,1,H,1.36,4.7,9.63,1.4,4.84,9.91
13/04/2022,Team19,Team1,1,0,H,3.76,4.88,1.73,3.87,5.02,1.78
14/04/2022,Team19,Team14,0,3,D,2.04,4.17,3.13,2.1,4.29,3.22
14/04/2022,Team16,Team14,3,0,H,1.62,4.52,4.72,1.67,4.65,4.86
14/04/2022,Team10,Team6,1,0,A,1.7,4.82,3.93,1.75,4.96,4.04
14/04/2022,Team4,Team1,2,4,H,1.92,5.32,2.94,1.97,5.48,3.03
15/04/2022,Team3,Team9,1,1,H,5.88,5.21,1.45,6.06,5.37,1.5
15/04/2022,Team0,Team17,2,1,D,1.78,4.36,3.85,1.84,4.48,3.96
15/04/2022,Team16,Team10,0,1,A,2.15,4.49,2.76,2.22,4.62,2.84
15/04/2022,Team15,Team6,0,2,D,1.45,4.8,6.52,1.5,4.94,6.71
16/04/2022,Team14,Team10,2,2,A,2.66,5.16,2.08,2.74,5.32,2.14
16/04/2022,Team16,Team13,3,2,D,1.9,4.58,3.26,1.96,4.71,3.36
16/04/2022,Team3,Team5,0,2,A,5.45,4.37,1.57,5.61,4.49,1.61
16/04/2022,Team19,Team14,3,1,H,1.94,5.26,2.9,2.0,5.41,2.98
17/04/2022,Team4,Team5,3,0,H,1.69,4.84,3.99,1.74,4.98,4.11
17/04/2022,Team16,Team7,2,0,H,2.51,5.52,2.13,2.58,5.68,2.19
17/04/2022,Team2,Team4,3,2,D,3.06,3.92,2.14,3.15,4.04,2.2
17/04/2022,Team13,Team11,0,1,A,3.02,4.46,2.02,3.11,4.59,2.08
18/04/2022,Team18,Team14,4,1,H,2.4,4.24,2.51,2.47,4.37,2.59
18/04/2022,Team8,Team18,2,1,D,1.55,4.73,5.13,1.6,4.86,5.28
18/04/2022,Team17,Team7,2,5,A,3.51,4.51,1.84,3.61,4.64,1.9
18/04/2022,Team11,Team8,0,2,D,2.07,3.8,3.29,2.13,3.91,3.39
19/04/2022,Team12,Team5,1,4,A,3.75,5.0,1.71,3.86,5.15,1.77
19/04/2022,Team8,Team6,0,1,A,1.71,4.53,4.11,1.76,4.67,4.23
19/04/2022,Team1,Team14,2,1,H,1.54,4.45,5.72,1.58,4.58,5.88
19/04/2022,Team4,Team9,0,0,H,1.82,4.11,3.88,1.88,4.23,3.99
20/04/2022,Team6,Team15,1,0,D,4.65,5.14,1.56,4.79,5.29,1.61
20/04/2022,Team6,Team11,0,1,A,4.68,4.95,1.58,4.81,5.09,1.62
20/04/2022,Team4,Team13,2,4,H,1.48,5.05,5.68,1.52,5.2,5.85
20/04/2022,Team19,Team7,3,2,D,3.5,3.83,1.99,3.61,3.94,2.05
21/04/2022,Team9,Team4,1,4,A,2.68,4.59,2.17,2.76,4.73,2.24
21/04/2022,Team8,Team10,1,1,D,2.02,4.03,3.27,2.08,4.15,3.36
21/04/2022,Team12,Team0,1,3,A,3.85,5.31,1.66,3.96,5.46,1.71
21/04/2022,Team15,Team12,0,0,A,1.36,5.0,8.71,1.4,5.14,8.97
22/04/2022,Team0,Team12,2,1,H,1.55,3.99,6.47,1.6,4.1,6.66
22/04/2022,Team1,Team8,2,0,H,1.77,5.18,3.43,1.82,5.34,3.53
22/04/2022,Team5,Team18,1,1,D,1.37,5.52,7.13,1.41,5.68,7.34
22/04/2022,Team8,Team10,1,1,H,2.04,4.06,3.19,2.1,4.18,3.28
23/04/2022,Team17,Team18,6,0,H,1.7,4.73,3.99,1.75,4.87,4.11
23/04/2022,Team13,Team7,0,0,A,3.32,4.31,1.93,3.42,4.43,1.99
23/04/2022,Team5,Team2,0,1,H,2.02,4.24,3.13,2.08,4.37,3.22
23/04/2022,Team10,Team15,0,1,H,2.83,4.16,2.19,2.92,4.28,2.25
24/04/2022,Team4,Team9,2,2,H,1.55,5.08,4.77,1.6,5.23,4.91
24/04/2022,Team17,Team2,1,1,H,2.8,4.31,2.17,2.89,4.43,2.23
24/04/2022,Team4,Team12,2,1,H,1.35,6.0,7.03,1.39,6.18,7.24
24/04/2022,Team12,Team13,1,0,H,2.59,4.93,2.17,2.67,5.07,2.23
25/04/2022,Team4,Team17,0,1,H,1.47,4.34,7.3,1.51,4.46,7.52
25/04/2022,Team14,Team1,0,0,A,4.57,4.28,1.67,4.71,4.41,1.72
25/04/2022,Team4,Team0,1,1,H,1.7,4.44,4.25,1.75,4.57,4.37
25/04/2022,Team16,Team3,0,0,H,1.36,4.35,11.62,1.4,4.48,11.96
26/04/2022,Team11,Team2,0,3,A,1.86,5.23,3.11,1.91,5.39,3.21
26/04/2022,Team17,Team7,2,0,H,3.86,4.2,1.81,3.97,4.33,1.86
26/04/2022,Team19,Team0,3,0,D,2.82,4.84,2.05,2.9,4.98,2.11
26/04/2022,Team14,Team4,2,0,D,3.77,4.9,1.72,3.88,5.04,1.77
27/04/2022,Team13,Team3,3,1,H,1.47,5.56,5.23,1.52,5.73,5.38
27/04/2022,Team1,Team7,1,1,H,1.79,5.01,3.44,1.84,5.15,3.54
27/04/2022,Team14,Team15,3,1,H,3.44,5.19,1.77,3.54,5.34,1.82
27/04/2022,Team5,Team9,1,0,A,1.82,5.62,3.1,1.87,5.79,3.19
28/04/2022,Team0,Team4,1,4,A,3.0,4.56,2.01,3.09,4.69,2.07
28/04/2022,Team10,Team18,1,2,H,1.57,5.28,4.47,1.62,5.44,4.6
28/04/2022,Team4,Team7,1,1,D,1.9,4.43,3.37,1.95,4.56,3.47
28/04/2022,Team8,Team16,0,2,A,1.82,4.86,3.39,1.87,5.0,3.49
29/04/2022,Team16,Team7,1,0,H,2.69,5.77,1.98,2.77,5.94,2.04
29/04/2022,Team0,Team15,1,1,A,2.34,4.74,2.43,2.41,4.88,2.5
29/04/2022,Team7,Team3,2,1,D,1.42,4.16,9.61,1.46,4.28,9.89
29/04/2022,Team4,Team8,1,0,A,1.77,4.67,3.69,1.82,4.81,3.8
30/04/2022,Team11,Team17,1,0,H,1.52,5.26,4.92,1.57,5.42,5.06
30/04/2022,Team2,Team3,1,1,H,1.36,4.19,13.12,1.4,4.31,13.51
30/04/2022,Team10,Team12,1,1,D,1.48,5.47,5.2,1.53,5.63,5.35
30/04/2022,Team7,Team10,2,1,H,1.8,3.96,4.14,1.85,4.07,4.26
01/05/2022,Team0,Team15,3,0,A,2.29,4.05,2.73,2.35,4.17,2.81
01/05/2022,Team19,Team9,0,0,H,2.52,5.15,2.18,2.6,5.3,2.24
01/05/2022,Team3,Team13,0,2,A,3.44,4.3,1.9,3.54,4.42,1.95
01/05/2022,Team8,Team1,1,0,D,2.81,4.19,2.2,2.89,4.31,2.26
02/05/2022,Team5,Team13,0,1,A,1.64,3.95,5.36,1.69,4.07,5.52
02/05/2022,Team14,Team7,0,3,A,3.67,4.97,1.74,3.78,5.12,1.79
02/05/2022,Team18,Team4,0,0,A,5.23,4.89,1.53,5.38,5.04,1.57
02/05/2022,Team12,Team18,0,1,H,2.15,4.13,2.91,2.21,4.25,3.0
03/05/2022,Team17,Team14,1,0,H,1.76,4.82,3.64,1.81,4.96,3.75
03/05/2022,Team2,Team5,1,1,A,2.06,5.22,2.68,2.12,5.37,2.75
03/05/2022,Team13,Team2,0,1,A,2.51,5.76,2.1,2.58,5.93,2.16
03/05/2022,Team7,Team3,3,0,H,1.31,4.12,23.99,1.34,4.24,24.7
04/05/2022,Team14,Team4,0,0,A,5.3,4.05,1.63,5.45,4.17,1.68
04/05/2022,Team3,Team4,0,2,A,7.51,4.79,1.41,7.73,4.93,1.45
04/05/2022,Team15,Team5,0,1,H,1.94,5.6,2.82,1.99,5.76,2.9
04/05/2022,Team5,Team0,1,1,D,1.78,7.22,2.85,1.84,7.43,2.94
05/05/2022,Team6,Team3,4,1,H,1.64,4.07,5.11,1.69,4.19,5.26
05/05/2022,Team2,Team6,3,0,D,1.6,4.24,5.29,1.65,4.36,5.44
05/05/2022,Team5,Team17,0,1,H,1.57,4.98,4.7,1.62,5.12,4.84
05/05/2022,Team12,Team6,0,1,A,2.28,5.84,2.27,2.35,6.02,2.34
06/05/2022,Team6,Team7,2,1,H,3.31,5.29,1.79,3.4,5.45,1.84
06/05/2022,Team14,Team1,3,1,A,4.02,4.63,1.71,4.14,4.76,1.76
06/05/2022,Team8,Team17,4,4,D,1.71,3.91,4.82,1.76,4.02,4.96
06/05/2022,Team0,Team13,1,0,H,1.64,5.1,4.09,1.69,5.25,4.21
07/05/2022,Team0,Team3,3,0,H,1.24,5.34,17.49,1.28,5.49,18.01
07/05/2022,Team9,Team15,0,3,H,2.38,4.15,2.57,2.45,4.27,2.65
07/05/2022,Team10,Team15,0,3,A,2.59,4.01,2.41,2.66,4.13,2.48
07/05/2022,Team6,Team11,0,0,A,3.87,3.97,1.85,3.98,4.09,1.91
08/05/2022,Team14,Team10,1,0,H,2.67,4.93,2.11,2.75,5.07,2.18
08/05/2022,Team11,Team7,2,1,A,2.0,5.4,2.74,2.06,5.56,2.83
08/05/2022,Team8,Team1,3,1,H,2.79,4.34,2.17,2.88,4.47,2.23
08/05/2022,Team6,Team5,2,1,A,3.8,5.02,1.7,3.92,5.17,1.75
09/05/2022,Team16,Team15,0,3,A,3.06,5.21,1.88,3.15,5.36,1.94
09/05/2022,Team8,Team2,1,1,A,2.14,4.46,2.79,2.2,4.59,2.87
09/05/2022,Team19,Team12,1,1,A,1.53,6.25,4.21,1.58,6.43,4.34
09/05/2022,Team11,Team4,1,2,A,2.59,4.18,2.35,2.67,4.3,2.42
10/05/2022,Team16,Team4,1,1,A,3.32,4.46,1.91,3.42,4.59,1.96
10/05/2022,Team18,Team3,0,0,H,1.71,4.68,3.99,1.76,4.81,4.11
10/05/2022,Team15,Team0,1,1,A,2.14,3.8,3.14,2.2,3.91,3.23
10/05/2022,Team1,Team11,1,0,H,1.82,5.68,3.07,1.88,5.85,3.16
11/05/2022,Team5,Team14,0,0,A,1.65,4.49,4.52,1.7,4.63,4.66
11/05/2022,Team5,Team4,1,2,D,2.67,4.9,2.12,2.75,5.05,2.18
11/05/2022,Team13,Team14,2,0,H,1.75,6.27,3.12,1.81,6.46,3.21
11/05/2022,Team7,Team15,2,0,H,2.13,5.64,2.48,2.2,5.8,2.55
12/05/2022,Team6,Team0,3,3,A,3.58,5.19,1.73,3.69,5.35,1.78
12/05/2022,Team15,Team13,0,0,H,1.51,5.54,4.8,1.56,5.7,4.94
12/05/2022,Team19,Team1,3,1,A,4.14,4.37,1.73,4.26,4.5,1.78
12/05/2022,Team10,Team6,0,0,H,1.66,4.58,4.33,1.71,4.72,4.46
13/05/2022,Team7,Team12,1,1,H,1.39,4.59,8.67,1.44,4.73,8.92
13/05/2022,Team2,Team3,0,0,H,1.31,6.13,8.25,1.34,6.31,8.49
13/05/2022,Team16,Team13,2,2,H,1.92,4.91,3.06,1.98,5.06,3.15
13/05/2022,Team17,Team18,1,2,A,1.77,4.91,3.56,1.82,5.06,3.67
14/05/2022,Team17,Team1,0,2,A,4.11,4.88,1.66,4.23,5.02,1.71
14/05/2022,Team10,Team18,1,0,A,1.68,4.13,4.69,1.73,4.25,4.83
14/05/2022,Team14,Team16,1,4,H,2.48,4.87,2.26,2.55,5.02,2.33
14/05/2022,Team15,Team5,5,0,H,1.82,5.09,3.29,1.87,5.23,3.38
15/05/2022,Team1,Team16,2,2,D,1.64,4.15,5.01,1.69,4.28,5.16
15/05/2022,Team8,Team0,2,3,H,2.01,5.73,2.64,2.07,5.9,2.72
15/05/2022,Team17,Team13,1,1,D,2.27,4.45,2.6,2.34,4.58,2.67
15/05/2022,Team15,Team0,2,0,H,1.94,4.31,3.3,2.0,4.43,3.39
16/05/2022,Team4,Team12,3,1,H,1.38,4.43,9.83,1.42,4.56,10.12
16/05/2022,Team0,Team16,1,2,H,1.88,4.25,3.55,1.93,4.38,3.65
16/05/2022,Team2,Team12,2,0,H,1.56,4.42,5.44,1.61,4.55,5.6
16/05/2022,Team12,Team3,1,1,H,1.72,4.75,3.86,1.77,4.89,3.98
17/05/2022,Team1,Team10,0,0,H,1.65,5.68,3.74,1.7,5.84,3.85
17/05/2022,Team12,Team13,1,0,H,2.72,5.52,1.99,2.8,5.68,2.05
17/05/2022,Team10,Team18,1,1,H,1.56,4.7,5.06,1.61,4.84,5.21
17/05/2022,Team8,Team6,0,1,H,1.48,5.03,5.76,1.52,5.18,5.92
18/05/2022,Team19,Team3,2,0,A,1.47,4.82,6.17,1.51,4.96,6.35
18/05/2022,Team9,Team5,1,1,H,2.31,4.1,2.68,2.38,4.22,2.76
18/05/2022,Team15,Team10,6,3,D,1.68,5.9,3.51,1.73,6.07,3.62
18/05/2022,Team9,Team11,2,0,H,2.14,5.12,2.59,2.2,5.27,2.66
19/05/2022,Team4,Team17,0,2,D,1.37,4.43,10.4,1.41,4.56,10.71
19/05/2022,Team1,Team16,2,4,D,1.56,4.36,5.6,1.6,4.49,5.76
19/05/2022,Team0,Team10,2,0,H,1.86,4.08,3.73,1.92,4.2,3.84
19/05/2022,Team3,Team16,1,0,A,3.76,5.62,1.65,3.87,5.79,1.7
20/05/2022,Team13,Team11,1,1,H,2.9,4.85,2.0,2.99,4.99,2.06
20/05/2022,Team1,Team11,1,4,A,1.85,5.0,3.24,1.9,5.14,3.34
20/05/2022,Team4,Team11,0,1,A,1.78,4.92,3.5,1.84,5.06,3.6
20/05/2022,Team14,Team18,2,1,H,1.76,5.25,3.42,1.82,5.4,3.52
21/05/2022,Team12,Team9,0,3,A,4.43,4.37,1.68,4.56,4.5,1.73
21/05/2022,Team1,Team12,2,2,H,1.35,3.83,20.74,1.39,3.95,21.35
21/05/2022,Team8,Team12,2,1,A,1.48,4.83,5.99,1.52,4.97,6.17
21/05/2022,Team3,Team2,0,1,H,5.84,4.94,1.48,6.01,5.08,1.52
22/05/2022,Team7,Team1,1,0,H,2.43,4.77,2.33,2.51,4.91,2.4
22/05/2022,Team11,Team3,2,0,H,1.23,5.2,23.51,1.26,5.36,24.21
22/05/2022,Team12,Team3,0,1,A,1.51,5.34,4.99,1.55,5.49,5.13
22/05/2022,Team4,Team10,1,2,H,1.67,4.93,4.03,1.72,5.08,4.15
23/05/2022,Team7,Team16,0,2,H,1.58,5.18,4.49,1.62,5.33,4.62
23/05/2022,Team9,Team5,1,1,H,2.23,4.74,2.56,2.29,4.88,2.64
23/05/2022,Team5,Team17,2,1,H,1.62,4.9,4.38,1.67,5.05,4.51
23/05/2022,Team5,Team7,1,0,H,2.23,4.19,2.76,2.29,4.32,2.84
24/05/2022,Team16,Team5,0,3,A,2.38,5.44,2.25,2.45,5.6,2.31
24/05/2022,Team7,Team0,1,1,A,1.89,4.08,3.63,1.94,4.2,3.74
24/05/2022,Team15,Team5,3,2,H,2.02,4.87,2.86,2.08,5.01,2.95
24/05/2022,Team17,Team10,3,1,H,2.4,5.13,2.28,2.48,5.28,2.34
25/05/2022,Team5,Team16,1,1,H,1.64,5.64,3.82,1.68,5.81,3.93
25/05/2022,Team19,Team12,0,2,A,1.7,5.22,3.69,1.75,5.37,3.79
25/05/2022,Team9,Team8,0,2,A,2.39,5.06,2.31,2.46,5.21,2.38
25/05/2022,Team16,Team8,1,3,A,2.16,5.6,2.44,2.23,5.76,2.52
26/05/2022,Team13,Team1,1,2,A,3.21,4.34,1.97,3.31,4.47,2.02
26/05/2022,Team0,Team15,2,4,A,2.25,4.54,2.59,2.32,4.67,2.67
26/05/2022,Team0,Team19,1,0,D,1.63,4.49,4.66,1.68,4.62,4.79
26/05/2022,Team6,Team14,0,1,H,1.98,4.34,3.17,2.04,4.47,3.26
27/05/2022,Team10,Team16,0,0,A,2.22,4.69,2.59,2.29,4.82,2.66
27/05/2022,Team15,Team18,1,0,D,1.48,4.33,6.98,1.52,4.46,7.19
27/05/2022,Team14,Team7,0,1,A,3.77,4.7,1.75,3.88,4.84,1.8
27/05/2022,Team4,Team19,0,6,A,1.48,4.88,5.91,1.52,5.02,6.08
28/05/2022,Team16,Team7,0,1,H,2.75,4.61,2.13,2.83,4.75,2.19
28/05/2022,Team2,Team9,0,2,A,2.1,4.53,2.82,2.17,4.66,2.91
28/05/2022,Team14,Team15,2,1,A,3.48,4.45,1.86,3.58,4.59,1.91
28/05/2022,Team6,Team9,3,0,D,2.89,5.09,1.97,2.97,5.24,2.03
29/05/2022,Team9,Team1,0,4,A,2.63,5.3,2.08,2.71,5.45,2.14
29/05/2022,Team16,Team12,1,2,D,1.63,4.36,4.83,1.68,4.49,4.97
29/05/2022,Team15,Team4,0,1,A,2.61,4.76,2.19,2.69,4.9,2.25
29/05/2022,Team2,Team19,2,0,A,1.64,4.96,4.17,1.69,5.11,4.29
30/05/2022,Team0,Team13,4,2,H,1.79,4.49,3.71,1.85,4.62,3.82
30/05/2022,Team4,Team0,2,1,H,1.61,5.54,4.03,1.66,5.71,4.15
30/05/2022,Team19,Team1,2,1,H,3.95,4.3,1.77,4.07,4.43,1.82
30/05/2022,Team1,Team17,3,1,H,1.39,4.72,8.45,1.43,4.86,8.7
31/05/2022,Team13,Team17,0,1,D,1.93,5.29,2.93,1.98,5.45,3.01
31/05/2022,Team3,Team11,2,0,A,6.3,6.15,1.37,6.49,6.33,1.41
31/05/2022,Team11,Team15,1,1,A,1.99,5.45,2.74,2.05,5.61,2.82
31/05/2022,Team19,Team8,1,0,D,2.75,4.26,2.22,2.83,4.39,2.28
01/06/2022,Team15,Team2,1,1,A,1.91,6.23,2.74,1.97,6.41,2.82
01/06/2022,Team1,Team7,2,1,H,1.96,4.66,3.08,2.02,4.8,3.17
01/06/2022,Team15,Team3,0,0,H,1.2,5.12,40.62,1.24,5.27,41.82
01/06/2022,Team2,Team7,1,0,H,2.27,5.05,2.43,2.33,5.2,2.51
02/06/2022,Team10,Team2,0,0,A,2.35,4.27,2.57,2.41,4.4,2.64
02/06/2022,Team16,Team6,0,0,H,1.78,4.32,3.92,1.83,4.44,4.03
02/06/2022,Team12,Team17,1,3,D,2.52,4.73,2.26,2.59,4.87,2.33
02/06/2022,Team19,Team18,0,1,D,1.8,4.95,3.41,1.86,5.1,3.51
03/06/2022,Team11,Team1,0,2,A,2.51,4.26,2.4,2.58,4.38,2.47
03/06/2022,Team7,Team17,2,0,D,1.47,5.64,5.15,1.52,5.81,5.3
03/06/2022,Team10,Team13,0,0,H,1.87,6.09,2.84,1.93,6.27,2.93
03/06/2022,Team3,Team10,2,0,A,5.36,4.89,1.52,5.51,5.03,1.56
04/06/2022,Team12,Team14,0,3,A,2.07,6.74,2.39,2.13,6.94,2.46
04/06/2022,Team10,Team4,0,3,A,3.76,4.13,1.85,3.87,4.25,1.9
04/06/2022,Team13,Team18,0,3,A,1.55,4.78,5.08,1.6,4.93,5.23
04/06/2022,Team4,Team7,0,1,A,1.87,5.06,3.16,1.92,5.2,3.25
05/06/2022,Team6,Team14,1,0,H,2.16,4.9,2.61,2.22,5.05,2.69
05/06/2022,Team17,Team9,2,0,H,2.85,5.28,1.96,2.94,5.44,2.02
05/06/2022,Team1,Team5,1,0,H,1.99,4.96,2.9,2.04,5.11,2.98
05/06/2022,Team5,Team11,1,2,A,2.4,3.73,2.73,2.47,3.84,2.81
06/06/2022,Team5,Team8,2,1,H,2.11,4.47,2.83,2.18,4.6,2.91
06/06/2022,Team10,Team8,0,1,H,2.42,4.36,2.46,2.49,4.49,2.53
06/06/2022,Team7,Team6,0,1,H,1.47,5.31,5.53,1.51,5.46,5.69
06/06/2022,Team10,Team15,1,1,H,2.64,4.96,2.13,2.72,5.1,2.19
07/06/2022,Team16,Team9,0,1,A,2.46,4.33,2.43,2.53,4.46,2.5
07/06/2022,Team17,Team1,5,1,D,3.92,5.19,1.66,4.04,5.34,1.71
07/06/2022,Team16,Team11,1,0,H,2.89,5.16,1.96,2.98,5.31,2.02
07/06/2022,Team7,Team13,0,2,H,1.73,4.13,4.33,1.79,4.25,4.45
08/06/2022,Team12,Team19,2,0,H,2.61,5.33,2.08,2.69,5.49,2.15
08/06/2022,Team9,Team17,2,5,A,1.75,4.74,3.73,1.8,4.87,3.84
08/06/2022,Team16,Team19,2,2,D,1.78,4.23,3.95,1.84,4.36,4.06
08/06/2022,Team5,Team14,0,3,A,1.55,3.89,6.79,1.59,4.01,6.99
09/06/2022,Team17,Team11,0,3,D,2.96,5.29,1.91,3.05,5.45,1.97
09/06/2022,Team15,Team11,0,1,H,1.99,4.83,2.94,2.05,4.98,3.03
09/06/2022,Team13,Team4,1,3,A,3.99,5.82,1.59,4.1,5.99,1.64
09/06/2022,Team14,Team12,0,0,H,2.06,5.75,2.56,2.12,5.92,2.63
10/06/2022,Team3,Team17,2,1,D,3.88,5.26,1.66,3.99,5.42,1.71
10/06/2022,Team3,Team10,1,1,A,4.16,5.46,1.6,4.28,5.62,1.64
10/06/2022,Team17,Team9,1,1,A,2.75,4.61,2.13,2.83,4.74,2.19
10/06/2022,Team6,Team7,1,4,D,4.06,4.09,1.79,4.18,4.21,1.84
11/06/2022,Team3,Team0,1,2,A,7.0,4.41,1.47,7.21,4.54,1.51
11/06/2022,Team7,Team11,3,0,D,2.05,5.06,2.74,2.11,5.21,2.82
11/06/2022,Team3,Team17,3,1,A,3.81,4.39,1.79,3.92,4.52,1.84
11/06/2022,Team9,Team15,0,0,A,2.54,4.32,2.35,2.62,4.45,2.42
12/06/2022,Team0,Team18,2,1,H,1.58,4.04,5.97,1.62,4.16,6.14
12/06/2022,Team10,Team14,2,0,A,1.73,4.37,4.13,1.78,4.5,4.25
12/06/2022,Team14,Team10,2,3,A,2.4,5.62,2.2,2.47,5.79,2.26
12/06/2022,Team7,Team3,0,1,A,1.34,5.25,8.84,1.38,5.4,9.1
13/06/2022,Team19,Team12,1,1,H,1.71,4.71,3.97,1.76,4.85,4.08
13/06/2022,Team8,Team18,0,0,H,1.43,5.13,6.52,1.47,5.28,6.71
13/06/2022,Team4,Team17,1,1,D,1.42,4.83,7.19,1.46,4.97,7.4
13/06/2022,Team10,Team1,1,0,H,4.13,3.72,1.86,4.25,3.83,1.91
14/06/2022,Team13,Team6,0,3,D,1.88,4.49,3.39,1.93,4.62,3.49
14/06/2022,Team0,Team5,2,4,D,2.13,4.42,2.83,2.19,4.55,2.91
14/06/2022,Team3,Team7,0,0,A,9.71,5.26,1.32,10.0,5.42,1.36
14/06/2022,Team14,Team4,0,3,A,3.9,4.35,1.77,4.01,4.47,1.83
15/06/2022,Team3,Team8,0,1,H,6.18,4.61,1.49,6.36,4.74,1.53
15/06/2022,Team11,Team17,1,0,H,1.51,5.71,4.72,1.55,5.88,4.86
15/06/2022,Team13,Team7,2,0,H,3.15,3.78,2.14,3.24,3.89,2.2
15/06/2022,Team0,Team19,1,0,H,1.67,4.08,4.85,1.72,4.2,4.99
16/06/2022,Team13,Team6,0,1,A,1.78,4.65,3.64,1.84,4.79,3.75
16/06/2022,Team8,Team13,1,0,H,1.64,4.73,4.36,1.69,4.87,4.48
16/06/2022,Team18,Team3,0,0,H,1.67,5.49,3.72,1.72,5.65,3.83
16/06/2022,Team1,Team11,1,1,A,1.9,4.28,3.43,1.96,4.41,3.54
17/06/2022,Team8,Team4,2,0,H,2.73,4.73,2.12,2.81,4.87,2.18
17/06/2022,Team4,Team14,0,2,H,1.36,4.89,9.21,1.4,5.03,9.48
17/06/2022,Team5,Team18,1,2,H,1.44,5.1,6.33,1.48,5.25,6.52
17/06/2022,Team8,Team18,2,0,H,1.57,4.5,5.28,1.61,4.63,5.44
18/06/2022,Team1,Team4,0,1,A,2.21,4.82,2.57,2.27,4.96,2.64
18/06/2022,Team12,Team1,0,0,A,5.05,4.77,1.56,5.2,4.91,1.6
18/06/2022,Team2,Team4,1,1,A,2.82,4.61,2.09,2.9,4.75,2.15
18/06/2022,Team8,Team14,0,0,H,1.54,5.12,4.9,1.58,5.27,5.05
19/06/2022,Team17,Team1,0,2,D,4.43,4.35,1.68,4.56,4.47,1.73
19/06/2022,Team7,Team11,3,0,D,2.02,4.8,2.89,2.08,4.94,2.97
19/06/2022,Team17,Team9,2,2,H,2.64,4.38,2.26,2.72,4.51,2.32
19/06/2022,Team10,Team6,2,0,H,1.73,4.38,4.09,1.78,4.51,4.21
20/06/2022,Team14,Team13,2,1,A,2.3,5.41,2.33,2.36,5.57,2.4
20/06/2022,Team19,Team6,1,0,D,1.99,4.45,3.09,2.05,4.58,3.18
20/06/2022,Team15,Team5,2,2,D,2.02,4.72,2.92,2.08,4.86,3.0
20/06/2022,Team4,Team15,2,1,H,1.85,5.38,3.1,1.9,5.54,3.19
21/06/2022,Team15,Team18,0,2,H,1.44,4.68,6.93,1.49,4.82,7.14
21/06/2022,Team4,Team6,0,2,D,1.46,4.57,6.89,1.5,4.71,7.09
21/06/2022,Team15,Team4,2,1,A,2.26,5.19,2.41,2.32,5.35,2.48
21/06/2022,Team2,Team0,1,1,A,1.95,5.41,2.85,2.0,5.57,2.93
22/06/2022,Team9,Team19,0,0,H,1.67,5.11,3.94,1.71,5.26,4.05
22/06/2022,Team0,Team8,1,1,D,1.93,6.08,2.72,1.99,6.26,2.8
22/06/2022,Team11,Team3,1,2,H,1.31,5.12,10.9,1.35,5.27,11.22
22/06/2022,Team14,Team5,0,2,A,3.37,5.38,1.76,3.47,5.54,1.81
23/06/2022,Team2,Team1,0,0,A,2.6,4.35,2.29,2.68,4.48,2.36
23/06/2022,Team16,Team13,0,0,D,1.91,4.78,3.16,1.96,4.92,3.26
23/06/2022,Team12,Team3,1,1,H,1.67,5.54,3.69,1.72,5.7,3.8
23/06/2022,Team5,Team8,0,0,A,2.03,4.46,3.01,2.09,4.59,3.09
24/06/2022,Team8,Team7,1,2,A,2.55,3.9,2.49,2.63,4.01,2.56
24/06/2022,Team10,Team3,0,1,A,1.46,3.88,9.25,1.5,3.99,9.53
24/06/2022,Team5,Team14,6,0,H,1.46,5.34,5.67,1.5,5.5,5.84
24/06/2022,Team17,Team6,1,1,H,1.83,5.49,3.12,1.88,5.65,3.21
25/06/2022,Team11,Team5,2,1,D,1.81,5.57,3.13,1.87,5.73,3.22
25/06/2022,Team18,Team17,1,1,D,2.75,5.0,2.06,2.83,5.15,2.12
25/06/2022,Team9,Team11,0,0,H,2.26,5.38,2.37,2.33,5.54,2.44
25/06/2022,Team7,Team1,0,1,A,2.49,4.89,2.25,2.57,5.03,2.32
26/06/2022,Team12,Team2,1,0,A,3.69,4.71,1.76,3.8,4.85,1.82
26/06/2022,Team11,Team7,0,1,A,2.15,4.4,2.8,2.21,4.53,2.88
26/06/2022,Team19,Team10,2,3,H,2.46,5.27,2.2,2.53,5.43,2.27
26/06/2022,Team17,Team19,2,2,A,2.11,4.84,2.7,2.17,4.98,2.78
27/06/2022,Team8,Team7,0,1,H,2.33,4.47,2.51,2.4,4.61,2.59
27/06/2022,Team7,Team5,1,0,A,2.05,4.49,2.95,2.11,4.62,3.04
27/06/2022,Team9,Team19,0,4,H,1.73,5.51,3.44,1.78,5.67,3.54
27/06/2022,Team3,Team0,2,3,D,6.99,4.5,1.46,7.2,4.63,1.5
28/06/2022,Team4,Team19,2,1,H,1.43,5.62,5.72,1.48,5.78,5.89
28/06/2022,Team11,Team15,1,3,H,2.02,5.03,2.81,2.08,5.18,2.89
28/06/2022,Team12,Team19,1,0,H,2.66,4.96,2.12,2.74,5.1,2.18
28/06/2022,Team9,Team17,4,0,D,1.61,6.57,3.62,1.66,6.76,3.73
29/06/2022,Team17,Team9,0,0,A,3.21,4.28,1.98,3.31,4.4,2.04
29/06/2022,Team4,Team17,1,2,A,1.53,3.97,6.96,1.57,4.09,7.16
29/06/2022,Team7,Team6,1,0,H,1.53,3.82,7.31,1.58,3.93,7.52
29/06/2022,Team14,Team8,1,1,A,3.41,4.99,1.8,3.51,5.14,1.85
30/06/2022,Team19,Team0,1,2,A,2.85,4.67,2.06,2.94,4.81,2.12
30/06/2022,Team6,Team0,1,0,A,3.06,4.65,1.97,3.15,4.79,2.03
30/06/2022,Team4,Team19,1,2,H,1.5,4.22,6.75,1.55,4.34,6.94
30/06/2022,Team8,Team19,1,1,A,1.69,4.99,3.9,1.74,5.13,4.01
01/07/2022,Team16,Team2,0,0,A,2.25,6.01,2.28,2.32,6.19,2.34
01/07/2022,Team10,Team17,3,0,H,1.97,3.9,3.5,2.03,4.01,3.6
01/07/2022,Team6,Team4,2,0,H,5.94,4.43,1.52,6.11,4.56,1.57
01/07/2022,Team0,Team1,2,0,H,2.87,4.36,2.11,2.96,4.49,2.18
02/07/2022,Team5,Team11,1,0,D,2.09,3.92,3.15,2.16,4.03,3.25
02/07/2022,Team3,Team5,0,2,A,6.08,5.35,1.43,6.26,5.51,1.47
02/07/2022,Team19,Team4,1,2,A,4.11,4.64,1.69,4.24,4.78,1.74
02/07/2022,Team4,Team16,1,1,A,1.49,5.14,5.42,1.53,5.29,5.58
03/07/2022,Team8,Team12,3,0,H,1.49,4.59,6.19,1.54,4.72,6.37
03/07/2022,Team4,Team8,3,1,H,1.69,5.39,3.65,1.74,5.55,3.76
03/07/2022,Team15,Team5,0,2,H,1.91,4.48,3.31,1.96,4.61,3.4
03/07/2022,Team18,Team11,0,1,H,5.31,3.63,1.71,5.47,3.74,1.76
04/07/2022,Team17,Team16,1,1,H,2.26,4.7,2.53,2.33,4.84,2.61
04/07/2022,Team14,Team18,2,1,H,1.77,4.85,3.6,1.82,4.99,3.71
04/07/2022,Team12,Team7,1,0,H,4.47,4.88,1.61,4.6,5.02,1.66
04/07/2022,Team14,Team0,1,0,H,2.82,5.46,1.95,2.91,5.62,2.01
05/07/2022,Team17,Team1,2,2,H,4.38,4.1,1.73,4.51,4.22,1.78
05/07/2022,Team9,Team1,0,0,A,2.48,4.9,2.26,2.56,5.04,2.32
05/07/2022,Team3,Team2,0,2,A,6.96,5.15,1.4,7.16,5.3,1.45
05/07/2022,Team15,Team3,3,1,H,1.33,5.37,8.99,1.37,5.53,9.25
06/07/2022,Team11,Team9,1,0,H,1.89,4.4,3.41,1.94,4.53,3.51
06/07/2022,Team16,Team13,1,2,H,1.92,5.27,2.95,1.97,5.42,3.04
06/07/2022,Team18,Team10,0,3,H,3.21,4.3,1.98,3.31,4.43,2.03
06/07/2022,Team14,Team13,1,1,H,2.74,3.35,2.58,2.82,3.45,2.66
07/07/2022,Team7,Team1,1,0,A,2.38,5.34,2.26,2.45,5.5,2.33
07/07/2022,Team5,Team1,2,1,D,2.37,4.93,2.35,2.44,5.07,2.42
07/07/2022,Team4,Team5,2,0,H,1.78,4.34,3.89,1.83,4.46,4.0
07/07/2022,Team4,Team3,1,0,H,1.24,5.62,15.81,1.27,5.79,16.27
08/07/2022,Team7,Team18,1,1,H,1.45,4.53,7.1,1.5,4.67,7.31
08/07/2022,Team1,Team15,1,1,D,1.9,5.62,2.9,1.95,5.78,2.98
08/07/2022,Team7,Team4,4,1,H,2.37,4.55,2.45,2.44,4.69,2.52
08/07/2022,Team12,Team18,0,2,H,1.84,4.93,3.31,1.89,5.07,3.41
09/07/2022,Team6,Team0,1,2,A,3.47,4.85,1.8,3.57,5.0,1.85
09/07/2022,Team17,Team15,1,1,H,3.39,4.74,1.84,3.49,4.88,1.89
09/07/2022,Team9,Team18,1,1,H,1.62,4.17,5.18,1.67,4.29,5.34
09/07/2022,Team19,Team14,0,0,H,2.1,3.59,3.38,2.17,3.69,3.48
10/07/2022,Team2,Team12,1,3,A,1.5,3.83,8.1,1.55,3.95,8.34
10/07/2022,Team0,Team13,2,1,H,1.71,4.08,4.54,1.76,4.21,4.67
10/07/2022,Team14,Team0,0,3,A,3.07,4.9,1.92,3.16,5.04,1.98
10/07/2022,Team8,Team9,2,0,A,2.14,4.83,2.66,2.2,4.97,2.74
11/07/2022,Team19,Team8,0,2,A,2.69,4.84,2.12,2.77,4.99,2.18
11/07/2022,Team13,Team0,2,1,A,2.63,5.11,2.11,2.7,5.26,2.17
11/07/2022,Team7,Team4,1,2,H,2.33,4.62,2.47,2.4,4.76,2.54
11/07/2022,Team9,Team0,2,0,D,2.22,5.13,2.47,2.29,5.28,2.54
12/07/2022,Team14,Team6,1,2,A,1.91,5.58,2.89,1.96,5.74,2.98
12/07/2022,Team0,Team15,1,1,A,2.5,5.16,2.19,2.57,5.31,2.26
12/07/2022,Team6,Team2,0,2,A,3.25,4.75,1.88,3.34,4.89,1.94
12/07/2022,Team2,Team1,3,3,D,2.66,5.28,2.06,2.74,5.44,2.13
13/07/2022,Team7,Team12,0,0,A,1.46,4.51,6.88,1.51,4.64,7.08
13/07/2022,Team9,Team3,0,2,H,1.47,4.56,6.57,1.52,4.7,6.76
13/07/2022,Team2,Team16,0,1,A,1.93,4.6,3.19,1.98,4.73,3.29
13/07/2022,Team16,Team15,1,2,H,2.7,4.6,2.16,2.78,4.74,2.23
14/07/2022,Team2,Team4,0,2,A,2.57,5.28,2.12,2.64,5.43,2.19
14/07/2022,Team1,Team15,1,3,D,2.0,4.33,3.14,2.05,4.46,3.23
14/07/2022,Team14,Team4,1,3,A,4.81,4.4,1.63,4.95,4.53,1.67
14/07/2022,Team4,Team13,1,0,H,1.42,5.01,6.85,1.46,5.16,7.05
15/07/2022,Team4,Team7,0,0,H,1.86,4.72,3.32,1.92,4.86,3.42
15/07/2022,Team17,Team0,1,2,D,2.87,4.14,2.18,2.95,4.27,2.24
15/07/2022,Team3,Team2,3,2,D,5.75,4.78,1.5,5.92,4.92,1.54
15/07/2022,Team6,Team11,0,3,A,4.16,4.68,1.68,4.28,4.82,1.73
16/07/2022,Team18,Team5,0,2,A,3.35,5.57,1.75,3.45,5.74,1.8
16/07/2022,Team16,Team18,1,1,D,1.39,5.4,6.83,1.43,5.56,7.04
16/07/2022,Team6,Team11,0,0,A,4.24,4.28,1.72,4.36,4.4,1.77
16/07/2022,Team8,Team14,1,0,H,1.53,5.85,4.45,1.57,6.03,4.58
17/07/2022,Team19,Team16,3,1,D,2.37,5.76,2.2,2.44,5.93,2.26
17/07/2022,Team19,Team17,2,0,H,1.93,6.14,2.71,1.99,6.32,2.79
17/07/2022,Team9,Team3,3,0,H,1.32,5.36,9.55,1.36,5.51,9.83
17/07/2022,Team0,Team11,1,1,D,2.55,5.05,2.18,2.62,5.2,2.24
18/07/2022,Team11,Team9,1,1,H,1.89,4.99,3.11,1.95,5.14,3.2
18/07/2022,Team2,Team1,2,2,D,2.46,4.99,2.26,2.53,5.14,2.32
18/07/2022,Team6,Team8,1,0,H,3.29,5.28,1.8,3.39,5.44,1.85
18/07/2022,Team2,Team9,1,0,H,2.14,4.38,2.82,2.2,4.51,2.9
19/07/2022,Team2,Team17,0,0,H,1.53,5.68,4.54,1.57,5.85,4.67
19/07/2022,Team9,Team12,1,1,D,1.43,4.98,6.77,1.47,5.12,6.97
19/07/2022,Team8,Team19,1,1,H,1.52,5.38,4.9,1.56,5.54,5.04
19/07/2022,Team19,Team15,0,1,A,3.47,4.9,1.79,3.57,5.04,1.85
20/07/2022,Team2,Team6,2,1,H,1.52,4.34,6.12,1.57,4.47,6.3
20/07/2022,Team2,Team17,3,0,H,1.64,5.1,4.12,1.68,5.25,4.24
20/07/2022,Team9,Team16,1,1,A,1.91,4.09,3.53,1.97,4.21,3.64
20/07/2022,Team17,Team5,1,0,A,3.09,5.25,1.86,3.18,5.41,1.92
21/07/2022,Team7,Team3,0,1,A,1.37,4.44,10.39,1.41,4.57,10.7
21/07/2022,Team4,Team10,1,2,D,1.6,4.81,4.58,1.65,4.95,4.71
21/07/2022,Team6,Team2,1,3,D,3.12,6.0,1.78,3.22,6.17,1.83
21/07/2022,Team8,Team9,1,0,D,1.99,5.62,2.71,2.05,5.79,2.79
22/07/2022,Team11,Team3,3,1,H,1.37,6.13,6.44,1.41,6.31,6.63
22/07/2022,Team4,Team10,0,1,H,1.71,4.21,4.41,1.76,4.34,4.54
22/07/2022,Team17,Team19,1,0,H,2.34,4.27,2.57,2.41,4.4,2.65
22/07/2022,Team1,Team12,0,1,H,1.38,4.49,9.8,1.42,4.62,10.09
23/07/2022,Team8,Team0,1,0,A,2.06,4.6,2.88,2.12,4.74,2.97
23/07/2022,Team10,Team16,0,3,H,1.86,4.89,3.26,1.91,5.03,3.35
23/07/2022,Team11,Team16,3,0,H,1.87,4.37,3.48,1.93,4.5,3.58
23/07/2022,Team16,Team9,2,2,D,2.53,4.37,2.35,2.6,4.5,2.42
24/07/2022,Team14,Team16,3,2,H,2.83,4.69,2.07,2.91,4.83,2.13
24/07/2022,Team16,Team9,3,0,H,2.34,4.46,2.51,2.41,4.59,2.58
24/07/2022,Team6,Team0,1,2,A,3.38,4.84,1.83,3.48,4.99,1.88
24/07/2022,Team17,Team2,0,1,D,2.96,4.77,1.99,3.05,4.91,2.05
25/07/2022,Team7,Team18,1,1,H,1.39,5.93,6.09,1.44,6.1,6.27
25/07/2022,Team5,Team2,2,0,H,1.87,5.24,3.09,1.92,5.39,3.18
25/07/2022,Team11,Team14,1,2,H,1.5,3.94,7.68,1.55,4.05,7.91
25/07/2022,Team7,Team5,0,1,A,1.88,4.97,3.15,1.94,5.11,3.25
26/07/2022,Team1,Team5,1,0,H,1.77,4.96,3.52,1.82,5.11,3.63
26/07/2022,Team9,Team1,0,0,H,2.86,3.73,2.32,2.94,3.84,2.38
26/07/2022,Team14,Team5,1,0,H,3.66,4.15,1.87,3.77,4.27,1.92
26/07/2022,Team19,Team18,0,0,H,1.8,3.64,4.56,1.85,3.74,4.69
27/07/2022,Team10,Team18,0,2,H,1.53,7.95,3.68,1.58,8.18,3.79
27/07/2022,Team9,Team13,2,2,D,1.88,4.45,3.41,1.93,4.58,3.51
27/07/2022,Team14,Team1,1,0,A,4.63,5.08,1.57,4.77,5.23,1.62
27/07/2022,Team7,Team6,0,0,H,1.49,5.08,5.51,1.53,5.23,5.67
28/07/2022,Team10,Team11,0,5,A,2.84,4.4,2.13,2.92,4.52,2.19
28/07/2022,Team3,Team4,2,1,A,8.0,4.77,1.4,8.24,4.91,1.44
28/07/2022,Team0,Team10,2,0,D,1.78,4.92,3.52,1.83,5.06,3.62
28/07/2022,Team8,Team11,1,0,D,2.3,3.82,2.83,2.37,3.93,2.92
29/07/2022,Team0,Team2,0,2,H,2.09,7.13,2.31,2.16,7.34,2.38
29/07/2022,Team7,Team6,1,2,D,1.46,4.6,6.8,1.5,4.73,7.0
29/07/2022,Team2,Team12,1,2,H,1.45,4.64,7.01,1.49,4.78,7.21
29/07/2022,Team0,Team2,2,0,H,2.16,4.43,2.77,2.22,4.56,2.86
30/07/2022,Team10,Team7,0,0,A,2.6,4.7,2.21,2.68,4.84,2.27
30/07/2022,Team10,Team7,1,3,D,2.79,4.68,2.09,2.88,4.82,2.15
30/07/2022,Team4,Team0,1,5,A,1.67,5.22,3.88,1.71,5.38,3.99
30/07/2022,Team8,Team1,1,1,D,2.36,5.09,2.33,2.43,5.24,2.4
31/07/2022,Team17,Team6,0,0,H,1.81,4.89,3.42,1.86,5.04,3.52
31/07/2022,Team17,Team15,1,4,A,3.46,4.36,1.88,3.56,4.49,1.94
31/07/2022,Team12,Team10,3,0,D,3.06,4.6,1.98,3.15,4.74,2.03
31/07/2022,Team6,Team15,0,2,A,3.97,4.03,1.82,4.08,4.15,1.87
01/08/2022,Team15,Team10,0,2,H,1.66,4.15,4.87,1.7,4.27,5.01
01/08/2022,Team15,Team11,1,4,D,1.93,4.7,3.13,1.99,4.84,3.22
01/08/2022,Team7,Team17,2,0,H,1.49,5.58,5.04,1.53,5.75,5.19
01/08/2022,Team19,Team10,2,2,A,2.34,4.81,2.41,2.41,4.95,2.48
02/08/2022,Team13,Team2,0,2,D,2.4,5.54,2.21,2.47,5.7,2.27
02/08/2022,Team9,Team11,4,1,H,2.55,4.26,2.36,2.62,4.39,2.43
02/08/2022,Team0,Team13,2,0,H,1.71,4.71,3.98,1.76,4.84,4.09
02/08/2022,Team17,Team6,1,2,D,1.74,5.0,3.63,1.79,5.14,3.74
03/08/2022,Team3,Team10,1,4,H,5.46,3.83,1.65,5.62,3.94,1.7
03/08/2022,Team8,Team12,0,3,A,1.42,5.03,6.85,1.46,5.17,7.05
03/08/2022,Team9,Team19,1,1,H,1.59,6.66,3.69,1.64,6.86,3.8
03/08/2022,Team2,Team16,3,1,H,1.98,4.02,3.38,2.04,4.14,3.48
04/08/2022,Team4,Team2,1,3,D,1.76,4.53,3.84,1.81,4.66,3.95
04/08/2022,Team15,Team5,0,2,H,1.88,4.21,3.57,1.93,4.34,3.68
04/08/2022,Team12,Team14,0,1,H,2.33,3.89,2.75,2.4,4.01,2.83
04/08/2022,Team5,Team3,5,1,H,1.36,4.6,10.43,1.4,4.74,10.74
05/08/2022,Team4,Team19,1,1,H,1.37,5.17,7.96,1.41,5.32,8.19
05/08/2022,Team11,Team6,1,0,H,1.46,5.59,5.34,1.51,5.75,5.5
05/08/2022,Team15,Team0,1,0,H,1.87,4.71,3.29,1.93,4.85,3.38
05/08/2022,Team18,Team15,2,0,A,6.5,5.15,1.42,6.69,5.3,1.47
06/08/2022,Team13,Team14,1,0,H,1.71,5.5,3.51,1.76,5.67,3.62
06/08/2022,Team3,Team19,2,2,A,3.93,6.23,1.57,4.04,6.42,1.62
06/08/2022,Team10,Team4,1,3,D,3.33,5.1,1.81,3.42,5.25,1.86
06/08/2022,Team16,Team3,1,3,D,1.48,4.74,6.15,1.52,4.88,6.33
07/08/2022,Team12,Team5,0,3,D,4.22,4.87,1.65,4.34,5.01,1.69
07/08/2022,Team5,Team0,0,1,A,1.81,5.26,3.26,1.86,5.42,3.36
07/08/2022,Team10,Team12,1,1,H,1.5,5.77,4.73,1.55,5.94,4.86
07/08/2022,Team5,Team18,2,1,H,1.54,4.62,5.45,1.58,4.76,5.61
08/08/2022,Team15,Team0,1,3,A,2.02,3.97,3.3,2.08,4.08,3.39
08/08/2022,Team19,Team7,0,0,A,3.47,4.34,1.88,3.57,4.47,1.94
08/08/2022,Team14,Team8,0,0,A,3.12,5.05,1.88,3.21,5.2,1.94
08/08/2022,Team12,Team10,3,2,H,2.76,5.58,1.96,2.85,5.74,2.02
09/08/2022,Team6,Team17,1,1,H,2.31,4.49,2.54,2.38,4.62,2.61
09/08/2022,Team11,Team0,1,0,A,1.89,4.34,3.43,1.95,4.47,3.53
09/08/2022,Team15,Team4,0,0,H,2.17,4.62,2.69,2.23,4.75,2.77
09/08/2022,Team8,Team14,2,2,H,1.62,4.05,5.41,1.66,4.17,5.57
10/08/2022,Team7,Team3,3,0,H,1.28,6.23,9.5,1.31,6.41,9.78
10/08/2022,Team19,Team16,2,0,H,2.64,4.42,2.25,2.72,4.55,2.32
10/08/2022,Team6,Team17,0,1,A,2.44,4.41,2.42,2.51,4.53,2.5
10/08/2022,Team3,Team10,6,0,H,4.24,4.27,1.72,4.36,4.4,1.77
